Security|Symbol|Currency|Closing|Diff.|Date
IVZ US Treasury 7-10 EUR Hdg|TRXE|EUR|40.32| | 
IVZ US Treasury 3-7 GBP Hdg|TR7S|GBP|40.23| | 
iSh MSCI Turkey USD Dis|ITKY|USD|16.4|6.48%|04.04.2019
HSBC MSCI TURKEY UCITS ETF|HTRY|USD|2.4115|5.77%|04.04.2019
LY MSCI TURKEY - ACC|LYTUR|EUR|28.24|4.38%|04.04.2019
GAM Physical Platinum (GBP) AX|JBPLGX|GBP|496.65|3.58%|12.12.2018
UBSETF PLATINUM USD DIS|PTUSA|USD|86.73|3.55%|04.04.2019
GAM Physical Platinum (EUR) A|JBPLEA|EUR|500.8|3.46%|01.04.2019
GAM Physical Platinum (EUR) AX|JBPLEX|EUR|505.2|3.44%|02.04.2019
GAM Physical Platinum (GBP) A|JBPLGA|GBP|491.9|3.35%|12.12.2018
GAM Physical Platinum (USD) A|JBPLUA|USD|840|3.35%|02.04.2019
GAM Physical Platinum (CHF) AX|JBPLCX|CHF|714.3|3.31%|27.03.2019
GAM Physical Platinum (USD) AX|JBPLUX|USD|847.2|3.25%|26.03.2019
ZKB Platinum ETF - CHF|ZPLA|CHF|272|3.23%|04.04.2019
GAM Physical Platinum (CHF) A|JBPLCA|CHF|707.2|3.09%|02.04.2019
UBSETF PLATINUM USD DIS|PTUSA|CHF|85.32|2.42%|04.04.2019
ComStage S&P SMIT 40 TRN|CBSMIT|CHF|148.52|1.63%|03.01.2019
ComStage FTSE China A50|CBCHN|CHF|157.78|1.56%|04.04.2019
ComStage S&P SMIT 40 TRN|CBSMIT|EUR|132.44|1.35%|15.10.2018
IVZ MSCI Saudi Arabia ETF|MSAU|USD|23.65|1.24%|06.03.2019
DAX UCITS ETF|VDXX|CHF|26.52|1.20%|04.04.2019
Lyxor S&P 500 Banks|BNKU|CHF|18.416|1.16%|16.01.2019
DBX Harvest CSI300 DR ETF|RQFI|USD|11.98|1.06%|04.04.2019
X FTSE VIETN SW|XFVT|CHF|33.285|0.91%|04.04.2019
X MACI MEX|XMEX|CHF|4.3365|0.91%|02.04.2019
WisdomTree Em Mkts SC Div|DGSE|CHF|18|0.90%|04.04.2019
X LEVDAX SW|XLDX|CHF|116.62|0.88%|04.04.2019
iSh MSCI Mexico Cppd USD Acc|CSMXCP|USD|105.76|0.88%|25.03.2019
iSh Stx Eur600 Auto EUR Dis|SXAPEX|EUR|48.615|0.82%|04.04.2019
UBSETF HFRX HedFund SF CHF ACC|HFCHAS|CHF|77|0.79%|04.04.2019
HSBC MSCI China A In UCITS ETF|HMCT|USD|10.284|0.76%|12.03.2019
UBSETF EURO STOXX 50 EUR DIS|E50EUA|CHF|38.665|0.76%|04.04.2019
iSh US EQ Buyback Ach USD Acc|BACK|USD|6.438|0.74%|03.04.2019
ComStage MSCI Spain TRN|CBESP|CHF|21.795|0.72%|25.10.2018
ComStage STOXX AUTO|CBAUTO|CHF|99.05|0.71%|01.04.2019
ComStage MSCI TAIWAN|CBTAI|CHF|27.98|0.70%|03.04.2019
ComStage CBK COMMODITY EW|CBCOMM|CHF|105.52|0.69%|04.04.2019
iSh EUR GovBnd 20y TD EUR Dis|E20Y|EUR|5.523|0.67%|04.04.2019
Invesco EURO STOXX Banks ETF|S7XE|EUR|56.88|0.67%|02.04.2019
CSOP SRCE FTSE CHINA A50 Acc|CHNA|USD|23.005|0.66%|04.04.2019
ComStage DJ INDUSTR AVERAGE|CBDJI|CHF|306.75|0.66%|08.03.2019
UBSETF US LIQ CORP H-EUR ACC|CBSUSE|EUR|15.338|0.66%|04.04.2019
ComStage STOXX AUTO|CBAUTO|EUR|88.33|0.63%|08.01.2019
UBSETF BBG COMM INDEX USD ACC|DCUSAS|USD|48.23|0.62%|04.04.2019
UBSETF MSCI ACWI ESG H-USD ACC|AWESGW|USD|12.228|0.61%|04.04.2019
UBSETF EU LiqCorSust EUR ACC|CBSEUA|EUR|14.558|0.61%|04.04.2019
AMUNDI MSCI CHINA UCITS ETF|CC1E|EUR|291.05|0.60%|04.04.2019
iSh S&P500 Financials USD Acc|IUFS|USD|7.03|0.60%|02.04.2019
HSBC MSCI INDONESIA UCITS ETF|HIDR|USD|85.94|0.60%|21.03.2019
X(IE) USA Finl|XUFN|USD|19.93|0.60%|08.03.2019
SPDR GBL CONV EUR Hdg|GCVE|EUR|29.81|0.59%|04.04.2019
AMUNDI ES 50 USD ETF|C50U|USD|83.56|0.59%|27.08.2018
ComStage MSCI Spain TRN|CBESP|EUR|19.442|0.59%|19.12.2018
UBSETF CMCI OIL EUR DIS|OILEUA|EUR|29.285|0.58%|04.04.2019
UBSETF GLOBAL GOLD MIN USD DIS|GGMUSY|USD|11.028|0.58%|04.04.2019
UBSETF EU LiqCor 1-5 H-CHF ACC|CBEU5S|CHF|13.384|0.57%|04.04.2019
UBSETF GLOBAL GOLD MIN USD DIS|GGMUSY|CHF|11.008|0.57%|04.04.2019
LYX FORTUNESG MSCICHINA A ACC|CNAA|USD|146.98|0.55%|01.04.2019
iSh SLI (CH) CHF Dis|CSSLI|CHF|157.1|0.54%|04.04.2019
HSBC MSCI MEXICO CAPPED UCITS|HMEX|USD|32.91|0.52%|02.04.2019
SPDR MSCI World Materials ETF|WMAT|USD|40.225|0.51%|03.04.2019
LYX ETF DAX (DR) ACC|LYDAX|EUR|114|0.51%|04.04.2019
BNPP Easy Equity Dividend US|DIUS|EUR|126.8|0.51%|05.11.2018
iSh S&P SmC 600 USD Dis|IDP6|USD|63.68|0.51%|04.04.2019
iSh Glob Clean Enrgy USD Dis|INRG|USD|5.784|0.50%|04.04.2019
iSh MSCI EMU LrgCap EUR Acc|EMUL|EUR|36.085|0.50%|04.04.2019
iSh Agribusiness USD Acc|ISAG|CHF|33.78|0.49%|01.04.2019
UBSETF USD EM SOVER USD ACC|SBEMA|USD|13.496|0.48%|04.04.2019
iSh Glob HY CorpBnd USD Dis|HYLD|CHF|94.95|0.48%|04.04.2019
VanguardEmergingMktsGovtBond|VDET|CHF|50.76|0.48%|04.04.2019
AMUNDI ES 50 EUR C ETF|C50|EUR|74.53|0.47%|03.04.2019
UBSETF MSCI USA USD DIS|USAUSA|CHF|277|0.47%|04.04.2019
iSh DivDAX EUR Dis|EXSB|CHF|18.936|0.47%|02.04.2019
X FTSE CHINA 50|XXXI|USD|40.785|0.46%|04.04.2019
X ES50|XESC|CHF|55.33|0.45%|04.04.2019
SPDR S&P US Cons Disc ETF|SXLY|USD|31.58|0.45%|03.04.2019
UBSETF GLOBAL GENDER H-USD ACC|GENDEW|USD|14.078|0.44%|04.04.2019
ComStage DivDAX TR|CBDDAX|CHF|32.295|0.44%|20.11.2018
UBSETF MSCI World SRI USD DIS|WSRUSA|CHF|94.4|0.43%|04.04.2019
Lyxor Hong Kong - Dist|LYHSI|USD|35.69|0.42%|04.04.2019
UBSETF USA PRIME VAL USD DIS|UPVLD|CHF|21.5|0.42%|30.07.2018
UBSETF MSCI SWI 20/35 CHF UKDI|SW2UKD|CHF|15.246|0.41%|04.04.2019
ComStage DAX|CBDAX|CHF|123.88|0.41%|04.04.2019
iSh SLI (DE) CHF Dis|SMIEX|CHF|99.68|0.40%|04.04.2019
X ES50|XESX|CHF|41.21|0.40%|04.04.2019
ComStage EUSTOXX50 LEVERAGE|CBSX5L|CHF|36.28|0.40%|31.01.2019
Lyxor STOXX EU 600 Banks|LYBNK|EUR|18.644|0.40%|02.04.2019
iSh Euro TtlMkt Value LCap Dis|IDJV|CHF|24.13|0.40%|29.03.2019
USD EM Gov Bond (USD) Acc|VEMA|CHF|50.96|0.39%| 
ComStage MSCI USA MID CAP|CBUSAM|CHF|204|0.39%|26.03.2019
ComStage MSCI USA SMALL CAP|CBUSAS|CHF|47.59|0.39%|03.04.2019
X SLC|XSMC|CHF|108.58|0.39%|04.04.2019
L&G Robo Global|ROBO|CHF|15.834|0.38%|04.04.2019
SPDR Euro Low Volatility ETF|ELOW|CHF|43.74|0.38%|03.04.2019
ComStage EUSTOXX50 LEVERAGE|CBSX5L|EUR|32.39|0.37%|31.01.2019
AMUNDI MSCI NORDIC ETF|CN1|EUR|377.9|0.37%|04.04.2019
L&G All Comm 3mth Fwd Fund|COMF|CHF|14.194|0.37%|03.04.2019
X S&P 500 SW|XSPX|CHF|52.3|0.36%|03.04.2019
SPDR MSCI USA VALUE|UVAL|CHF|39.21|0.36%|29.03.2019
ComStage SPI TR|CBSPI|CHF|102.16|0.35%|04.04.2019
ComStage STOXX BANKS|CBBANK|CHF|38.595|0.35%|26.03.2019
ComStage NYSE Arca Gold BUGS|CBGOLD|CHF|16.654|0.35%|01.04.2019
LYX ETF EMTS 15Y Inv Gd ACC TH|LYMTF|EUR|229.9|0.35%|25.03.2019
LYX EURO STX 50 DAILY LEV ACC|LYLVE|EUR|25.91|0.35%|01.04.2019
SPDR U.S. Treasury|TRSY|CHF|105.56|0.34%|03.04.2019
ComStage FR DAX|CBFDAX|CHF|61.67|0.34%|28.03.2019
ComStage MSCI USA SMALL CAP|CBUSAS|USD|47.65|0.34%|25.01.2019
Invesco Materials S&P US Sect|XLBS|USD|312.8|0.34%|04.04.2019
LY MSCI SOUTH AFRI - ACC|LYAFS|EUR|34.32|0.34%|22.03.2019
ComStage MSCI Italy TRN|CBITA|CHF|113.62|0.34%|03.04.2019
UBSETF MSCI ACWI SRI H-USD ACC|AWSRIW|USD|10.192|0.33%|04.04.2019
LYX FTSE EPRA/NAREIT G Dev-USD|LYMWO|USD|21.165|0.33%|04.04.2019
ComStage EUSTOXX SELECT DIV|CBSDIV|CHF|47.04|0.33%|28.03.2019
ComStage SDAX TR|CBSDAX|EUR|103.28|0.33%|03.04.2019
UBSETF FAC EMU TSYie EUR DIS|ETSYD|CHF|18.3|0.33%|25.06.2018
SPDR MSCI EMU|EURO|CHF|55.24|0.33%|03.04.2019
UBSETF FAC USA TSYie USD DIS|UTSYD|CHF|21.69|0.32%|26.03.2019
SPDR S&P 400 U.S. Mid Cap|SPY4|CHF|55.84|0.32%|03.04.2019
iSh FTSEurofirst 80 EUR Dis|IEUR|CHF|13.05|0.32%|26.03.2019
ComStage FTSE China A50|CBCHN|USD|156.24|0.32%|04.04.2019
UBSETF EURO STOXX 50 EUR DIS|E50EUA|EUR|34.46|0.32%|04.04.2019
SPDR MSCI Europe Cons Disc ETF|STRX|CHF|131.78|0.32%|14.03.2019
ComStage EUSTOXX 50|CBSX5E|CHF|78.59|0.32%|04.12.2018
UBSETF CMCI OIL USD DIS|OILUSA|USD|29.89|0.32%|04.04.2019
ComStage FR EURO STOXX 50|CBSX5F|CHF|38.725|0.31%|09.01.2019
ComStage F.A.Z. Index|CBFAZ|CHF|29.39|0.31%|01.04.2019
SPDR DJ Global Real Estate|GBRE|CHF|37.915|0.30%|04.04.2019
UBSETF MSCI USA SFMix USD ACC|USFMA|USD|19.86|0.30%|04.04.2019
VanguardEURGovtBond|VETY|CHF|28.675|0.30%|03.04.2019
SPDR S&P 500 UCITS ETF (Dist)|SPY5|CHF|287.25|0.30%|03.04.2019
WisdomTree Europe Equity CHF|HEDD|CHF|16.948|0.30%|20.02.2019
iSh MSCI Taiwan USD Dis|ITWN|USD|44.07|0.30%|03.04.2019
LYX EURO STOXX 50 DH CHF ACC|MSEC|CHF|102.08|0.29%|03.04.2019
WisdomTree Germany Equity USD|DXGE|USD|17.754|0.29%|21.03.2019
UBSETF BBG TIPS 1-10 H-CHF ACC|TIP1S|CHF|11.616|0.29%|04.04.2019
UC THM RTS BLN EUR CNVRT|ECBD|CHF|102.84|0.29%|07.03.2019
AMUNDI MSCI WLD FIN UCITS ETF|CWFE|EUR|158.9|0.29%|18.02.2019
iSh MSCI South Africa USD Acc|SRSA|USD|32.87|0.29%|04.04.2019
ComStage 1 EURO STOXX 50® ETF|CB1E50|CHF|39.05|0.28%|25.06.2018
VanguardEuroStoxx50|VX5E|CHF|26.745|0.28%|20.02.2019
iSh ? CorpBnd Fin EUR Dis|IECF|CHF|121.66|0.28%|04.04.2019
WisdomTree Europe Equity EUR|HEDF|EUR|17.262|0.28%|06.02.2019
WisdomTree Europe Equity|HEDJ|USD|18.046|0.28%|01.04.2019
X(IE) Rus2000|XRS2|USD|217.55|0.28%|04.04.2019
iSh EuroStx50 (DE) EUR Dis|DJSXE|EUR|34.455|0.28%|03.04.2019
ComStage STOXX PER&HOUSHOLD|CBPERS|CHF|181.54|0.28%|05.12.2018
UBSETF FAC EMU LO VOL H-EUR DI|ELOVD|EUR|15.25|0.28%|03.04.2019
WisdomTree Germany Equity CHF|DXGD|CHF|17.66|0.27%|11.12.2018
UBSETF CMCI COMP SF EUR ACC|CCEUA|EUR|55.26|0.27%|04.04.2019
iSh S&P500 Industrials USD ACC|IUIS|USD|5.903|0.27%|14.01.2019
iSh EUR GovBnd 10-15 EUR Dis|IEGZ|CHF|199.34|0.27%|30.10.2018
iSh MSCI USA SmC USD Acc|CSUSS|USD|334.45|0.27%|04.04.2019
VanEck Pref US Equity ETF|PREF|CHF|20.625|0.27%|04.01.2019
X DBLCI COMM OY SW £ H|XDBG|GBP|22.57|0.27%|01.04.2019
SPDR MSCI World Telecom ETF|WTEL|USD|32.335|0.26%|03.04.2019
Invesco FTSE EM HDLV|EMHD|USD|30.44|0.26%|22.03.2019
ComStage DivDAX TR|CBDDAX|EUR|28.78|0.26%|30.10.2018
UC THM RTS BLN EUR CNVRT-Dis|ECBC|CHF|108.38|0.26%|13.02.2019
UBSETF EMU PRIME VAL EUR DIS|EPVLD|CHF|17.936|0.26%|02.04.2019
LYX ETF NEW ENERGY DIS|LYNRJ|EUR|23.525|0.26%|04.04.2019
WisdomTree Germany Equity EUR|DXGY|EUR|15.75|0.25%|14.03.2019
iSh $ HY CorpBnd USD Dis|IHYU|CHF|103.86|0.25%|03.04.2019
ComStage EUSTOXX SELECT DIV|CBSDIV|EUR|42.02|0.25%|11.12.2018
iSh EuroStx Tlco30-15 EUR Dis|SXKEEX|EUR|32.06|0.25%|01.03.2019
iSh European PropYld EUR Dis|IPRP|CHF|48.225|0.25%|04.04.2019
WisdomTree Europe Equity GBP|HEDP|GBP|11.286|0.25%|15.10.2018
UBSETF CMCI COMP SF GBP ACC|CCGBAS|GBP|89.26|0.25%|01.04.2019
ComStage DJ INDUSTR AVERAGE|CBDJI|USD|307.05|0.24%|03.04.2019
SPDR BB EMD Local Acc|EMDA|CHF|31.025|0.24%|21.03.2019
iSh EUR GovBnd 15-30y EUR Dis|IBGL|CHF|268.95|0.24%|03.04.2019
WisdomTree EM Mkts Eq Inc|DEM|CHF|15.814|0.24%|27.03.2019
ComS CBK 10Y US-T. Fut. Short|CB10YS|CHF|100.66|0.24%|28.03.2019
iSh $ CorpBnd IR-H USD Dis|LQDH|CHF|97.02|0.24%|20.12.2018
ComStage DAX|CBDAX|EUR|110.22|0.24%|01.04.2019
SPDR S&P US Materials ETF|SXLB|USD|25.445|0.24%|02.04.2019
AMUNDI MSCI WLD FIN ETF|CWFUSD|USD|178.34|0.24%|22.03.2019
iSh $ TreasBnd 1-3y USD Acc|IBTA|CHF|5.116|0.24%|02.04.2019
Invesco Indust S&P US Sector|XLIS|USD|386.8|0.23%|28.03.2019
ComStage STOXX BANKS|CBBANK|EUR|34.455|0.23%|26.03.2019
SPDR S&P US Indust ETF|SXLI|USD|30.325|0.23%|01.04.2019
OSSIAM RW COMMO EXG ETF-EUR|CRWE|EUR|73.69|0.23%|11.03.2019
X S&P G INFR SW|XSGI|CHF|45.61|0.23%|04.04.2019
iSh S&P500 Materials USD Acc|IUMS|USD|5.655|0.23%|08.03.2019
Eurozone Gov Bd (EUR) Acc|VETA|CHF|28.4|0.23%| 
iSh $ CorpBnd USD Dis|LQDE|USD|113.6|0.23%|04.04.2019
UBSETF MSCI EMU VALUE EUR DIS|EMVEUA|EUR|37.315|0.23%|04.04.2019
UBSETF SLI CHF DIS|SLICHA|CHF|151.72|0.22%|04.04.2019
Invesco STOXX 600 Banks ETF|X7PS|EUR|62.64|0.22%|02.04.2019
WisdomTree Germany Equity GBP|DXGP|GBP|9.865|0.22%|18.01.2019
SPDR MSCI World Small Cap|WOSC|CHF|72.56|0.22%|04.04.2019
BNPP ?STOXX50 D|ETBB|EUR|8.652|0.22%|18.03.2019
UBSETF EU LIQ CORP 1-5 EUR DIS|CBEU5|EUR|13.71|0.22%|04.04.2019
M ACC RICISMA IND C|MRAI|USD|78.16|0.22%|03.04.2019
UBSETF MSCI USA SFMix USD DIS|USFMD|USD|19.354|0.22%|04.04.2019
SPDR S&P Euro Div Aristocrats|EUDV|CHF|25.78|0.21%|04.04.2019
VanEck Emerg Markets HY ETF|HYEM|CHF|103.14|0.21%| 
SPDR MSCI Europe Cons Stap ETF|STSX|CHF|212.2|0.21%|19.02.2019
VanguardUSDCorpBond|VUCP|CHF|51.89|0.21%|03.04.2019
SPDR Euro Gov|GOVY|CHF|70.98|0.21%|15.01.2019
iSh $ SD CorpBnd USD Acc|SDIA|CHF|5.211|0.21%|03.04.2019
iSh MSCI EMU CHF-H Acc|EMUC|CHF|5.315|0.21%|04.04.2019
OSSIAM RW COMMO EXG ETF-USD|CRWU|USD|82.68|0.21%|12.02.2018
Invesco Preferred Shares|PRFD|USD|19.468|0.21%|20.03.2019
iSh Divers Comm Swap (DE) EUR|DJCOME|EUR|18.56|0.21%|01.04.2019
HSBC MSCI TAIWAN UCITS ETF|HTWN|USD|36.67|0.20%|06.03.2019
UBSETF COMMO CMCI SF H-CHF ACC|BCCMS|CHF|9.8|0.20%|04.04.2019
UBSETF USA QUALITY USD DIS|UQLTD|USD|24.5|0.20%|04.04.2019
Lyxor EURO STOXX 50 (DR)|MSEU|USD|137.52|0.20%| 
UBSETF COMMO CMCI SF H-EUR ACC|BCCME|EUR|9.84|0.20%|02.04.2019
UBSETF EMU PRIME VAL EUR DIS|EPVLD|EUR|15.996|0.20%|03.04.2019
ComStage FR DAX|CBFDAX|EUR|55|0.20%|19.03.2019
UBSETF FAC EMU TSYie H-GBP DIS|ETSYH|GBP|10.06|0.20%|20.02.2019
ComStage HSCEI|CBHSCE|CHF|17.164|0.20%|01.04.2019
iSh MSCI AC FE ex-JP USD Dis|IFFF|USD|55.83|0.20%|04.04.2019
ComStage MSCI TAIWAN|CBTAI|USD|28.005|0.20%|05.03.2019
WsdmTree EE ETF USD Hedged Acc|HEDK|USD|20.385|0.20%|04.04.2019
IVZ Pref Shares UCITS ETF Acc|PRAC|USD|43.585|0.20%|21.03.2019
VanguardGlblValue|VVAL|CHF|33.57|0.19%|03.04.2019
UBSETF COMMO CMCI SF USD ACC|BCCMA|USD|10.34|0.19%|26.02.2019
UBSETF MSCI EMU H-USD ACC|EUUSBH|USD|28.51|0.19%|04.04.2019
iSh MSCI China A USD Acc|CNYA|USD|4.43|0.19%|04.04.2019
iSh EUR GovBnd 5-7 EUR Dis|IEGY|CHF|177.2|0.19%|14.09.2018
ComStage F.A.Z. Index|CBFAZ|EUR|26.21|0.19%|25.03.2019
UBSETF MSCI EMU EUR DIS|EMUEUA|CHF|136.3|0.19%|02.04.2019
UBSETF COMMO CMCI SF H-GBP ACC|BCCMG|GBP|9.461|0.19%|04.03.2019
iSh MSCI UK SmC GBP Acc|CSUKS|GBP|211.3|0.19%|04.04.2019
UBSETF FAC EMU TSYie H-USD ACC|ETSYU|USD|16.05|0.19%|20.03.2019
iSh JPM $ EM Bnd USD Acc|JPEA|CHF|5.362|0.19%|04.04.2019
Lyxor MSCI Taiwan - Acc|LYTWN|USD|15.104|0.19%| 
UBSETF FAC USA TSYie USD DIS|UTSYD|USD|21.71|0.18%|03.04.2019
Invesco Pref Sh EUR hdg|PRFE|EUR|19.568|0.18%|01.02.2019
UBSETF FAC EMU TSYie EUR DIS|ETSYD|EUR|16.32|0.18%|29.03.2019
UBSETF BBG COMM INDEX GBP ACC|DCGBAS|GBP|44.08|0.18%|18.03.2019
UBSETF USA PRIME VAL H-GBP DIS|UPVLH|GBP|11.06|0.18%|08.06.2018
UBSETF MSCI EMU EUR DIS|EMUEUA|EUR|121.7|0.18%|04.04.2019
VanEck JPM EM Loc Cur Bd ETF|EMLC|CHF|60.99|0.18%|26.03.2019
X ARTIFICIAL INTEL BIG DA 1C|XAIX|USD|55.92|0.18%|04.04.2019
Invesco EURO STOXX 50 ETF Acc|SX5E|EUR|73.12|0.18%|02.04.2019
Invesco EURO STOXX HDLV|EUHD|CHF|30.95|0.18%|21.01.2019
UBSETF BBG COMM INDEX EUR ACC|DCEUAS|EUR|42.55|0.18%|28.03.2019
IVZ Variable Rate Pref Shs|VRPS|USD|40.015|0.18%| 
iSh S&P500 ConsDiscret USD Acc|IUCD|USD|7.494|0.17%|03.04.2019
ComStage STOXX PER&HOUSHOLD|CBPERS|EUR|162|0.17%|02.11.2018
UBSETF MSCI EM USD UKDIS|EMMUKD|USD|15.054|0.17%|04.04.2019
Invesco Con Disc S&P US Sector|XLYS|USD|377.9|0.17%|04.04.2019
Lyxor EURO STOXX 50 (DR)|MSEG|GBP|116.66|0.17%|12.03.2019
Invesco Pref Sh CHF hdg|PRFC|CHF|20.48|0.17%|15.01.2019
iSh Stx Eur600 EUR Dis|SXPIEX|EUR|38.405|0.17%|04.04.2019
SPDR Euro Corp|EUCO|CHF|65.12|0.17%|21.03.2019
iSh $ CorpBnd USD Acc|LQDA|CHF|5.334|0.17%|22.03.2019
UBSETF MSCI USA SRI H-CHF DIS|USSRT|CHF|15.438|0.17%|04.04.2019
SPDR BOFA ML 0-5 EM $ GOV BOND|EMH5|CHF|29.91|0.17%|07.02.2019
iSh EuroStx Mid EUR Dis|DJMC|CHF|65.98|0.17%|03.04.2019
iSh Core EuroStx50 EUR Acc|CSSX5E|EUR|108.06|0.17%|04.04.2019
AMUNDI ES 50 USD HDG ETF|C5HU|USD|45.04|0.17%|17.01.2019
VanguardUSDTreasuryBond|VUTY|CHF|24.19|0.17%|01.04.2019
iSh $ HY CorpBnd USD Acc|IHYA|CHF|5.454|0.17%|27.03.2019
iSh EUR GovBnd 7-10 EUR Dis|IBGM|CHF|242.95|0.16%|01.04.2019
IVZ Variable Rate Pref Shs Acc|VPAC|USD|42.795|0.16%| 
iSh Core MSCI EMU EUR Dis|ICEUD|CHF|5.535|0.16%|29.03.2019
UBSETF USA PRIME VAL H-EUR ACC|UPVLE|EUR|18.62|0.16%|29.03.2019
Vanguard FTSE DevEurope ETF|VEUR|CHF|34.205|0.16%|04.04.2019
SPDR S&P UK Div Aristocrats|UKDV|CHF|14.978|0.16%|02.04.2019
iSh Stx Eur600 Househl EUR Dis|SXQPEX|EUR|81.2|0.16%|04.03.2019
SPDR S&P US Cons Stap ETF|SXLP|USD|25.015|0.16%|04.04.2019
ComStage FR EURO STOXX 50|CBSX5F|EUR|34.545|0.16%|01.04.2019
iSh $ SD CorpBnd USD Dis|SDIG|CHF|100.7|0.16%|03.04.2019
ComStage CBK EONIA|CBEONI|CHF|113.44|0.16%|18.02.2019
EUR Corp Bond (EUR) Acc|VECA|CHF|56.88|0.16%| 
ComStage EUSTOXX 50|CBSX5E|EUR|70|0.16%|19.03.2019
iSh ? GovBnd 3-5y EUR Dis|IBGX|CHF|192.48|0.16%|25.03.2019
iSh DJIA USD Acc|CSINDU|USD|289.35|0.16%|04.04.2019
BNPP ?STOXX50 C|ETDD|EUR|9.112|0.15%|27.03.2019
LYXOR ETF WORLD INFO TEC|LYTNOW|USD|293.45|0.15%|04.04.2019
SPDR MSCI Europe Financial ETF|STZX|CHF|59.43|0.15%|18.02.2019
iSh Stx Eur600 Banks EUR Dis|SX7PEX|EUR|14.528|0.15%|01.04.2019
X ESG EUR CORPORATE BOND|XB4F|CHF|173.38|0.15%|22.03.2019
Lyxor T&R/CoreCommo CRB - Acc|CRB|USD|17.508|0.15%|02.04.2019
VanEck Morningst US Moat ETF|MOAT|CHF|33.685|0.15%|01.04.2019
X(IE) USD Cor|XDGU|USD|14.956|0.15%|04.04.2019
ComStage HSI|CBHSI|CHF|44.6|0.15%|02.04.2019
Invesco EURO STOXX 50 ETF Dist|SX5D|EUR|34.405|0.15%|21.03.2019
X SLI|XSLI|CHF|151.74|0.15%|04.04.2019
iSh Glob SelDiv 100 EUR Dis|SDGPEX|EUR|28.03|0.14%|04.04.2019
UBSETF FAC EMU TSYie H-CHF ACC|ETSYS|CHF|15.47|0.14%|02.04.2019
UBSETF EMU QUALITY EUR DIS|EQLTD|CHF|21.225|0.14%|23.10.2018
ComStage STOXX TELECOM|CBTELE|CHF|71.18|0.14%|23.10.2018
UBSETF USA PRIME VAL USD DIS|UPVLD|USD|21.51|0.14%|29.03.2019
iSh $ SD HY CorpBnd USD Dis|SDHY|CHF|93.38|0.14%|01.04.2019
ComS CBK US Trea B Fut. Short|CB25YS|CHF|94.11|0.14%|15.03.2019
LYX MTS 10-15 In Gr ACC TH|LYMTE|EUR|218.45|0.14%|29.05.2018
UBSETF EMU QUALITY EUR DIS|EQLTD|EUR|18.954|0.14%|04.04.2019
UBSETF EMU PRIME VAL H-GBP DIS|EPVLH|GBP|10.5|0.13%|20.02.2019
iSh Stx Eur600 Indust EUR Dis|SXNPEX|EUR|53.64|0.13%|04.04.2019
UBSETF USA PRIME VAL H-CHF ACC|UPVLS|CHF|15.68|0.13%|29.03.2019
LYX ETF DAILY LevDAX ACC|LYLVD|EUR|94.54|0.13%|04.04.2019
SPDR U.S. Dividend|USDV|CHF|55.22|0.13%|04.04.2019
iSh MSCI Europ-UK EUR Dis|IEUX|CHF|35.825|0.13%|28.03.2019
iSh EUR Ultra Short EUR Dis|ERNE|CHF|112.16|0.12%|03.04.2019
iSh ? GovBnd 1-3y EUR Dis|IBGS|CHF|161.56|0.12%|28.03.2019
X MSCI TAIWAN|XMTW|USD|28.285|0.12%|26.03.2019
LYXOR ETF WORLD CONSUMER DISCR|LYCODW|USD|324.9|0.12%|03.04.2019
AMUNDI RUSSELL 2000 ETF|RS2K|EUR|195.14|0.12%|15.02.2019
iSh $ TreasBnd 7-10 USD Dis|IBTM|USD|195.82|0.12%|04.04.2019
ComStage DJ Switzerland T 30|CBCH30|CHF|116.22|0.12%|02.04.2019
SPDR 1-3 Year Euro Gov Bond|SYB3|CHF|58.73|0.12%|08.03.2019
VanEck Gl Fallen Angl HY ETF|GFAA|CHF|50.81|0.12%| 
iSh CH GovBd 7-15 (CH) CHF Dis|CSBGC0|CHF|119.1|0.12%|04.04.2019
ComStage CBK FED FUNDS|CBFEDF|CHF|102.52|0.12%|05.03.2019
UBSETF GLOBAL GENDER H-CHF ACC|GENDES|CHF|12.292|0.11%|04.04.2019
UBSETF MSCI EMU SRI EUR DIS|ESREUA|CHF|105.86|0.11%|03.04.2019
iSh EUR CorpBnd IR-H Dis|IRCP|CHF|107.26|0.11%|20.03.2019
LYX EMTS HR MWE GTBD ACC TH|LYMAA|EUR|146.16|0.11%|04.04.2019
iSh Core EUR CorpBnd EUR Dis|IEAC|CHF|146.98|0.11%|03.04.2019
WisdomTree Europe Eq Inc|EEI|CHF|14.716|0.11%|08.03.2019
LYX JP MORGAN MULTI WORLD ACC|LYXW|CHF|128.82|0.11%|03.04.2019
iSh EuroStx Bnks30-15 EUR Dis|SX7EEX|EUR|9.537|0.10%|04.04.2019
VanguardGlblMinVol|VMVL|CHF|33.66|0.10%|03.04.2019
iSh MSCI Europ SRI EUR Acc|IESE|EUR|43.32|0.10%|04.04.2019
SPDR 0-3 Y. Euro Corp. Bond|SEUC|CHF|33.92|0.10%|24.07.2017
M ACC GOLD BUGS IND|MAGB|USD|68.6|0.10%|20.03.2019
UBSETF EMU PRIME VAL H-USD ACC|EPVLU|USD|19.64|0.10%|25.03.2019
UBSETF EU LiqCorSust H-CHF DIS|CBSEUT|CHF|13.786|0.10%|04.04.2019
iSh US PropYld USD Dis|IUSP|USD|29.985|0.10%|04.04.2019
ComStage STOXX INSURANCE|CBINS|CHF|70.3|0.10%|13.03.2019
iSh $ U-Short Bnd USD Dis|ERND|CHF|100.74|0.10%|28.03.2019
ComStage MSCI USA MID CAP|CBUSAM|USD|204.15|0.10%|02.04.2019
HSBC EURO STOXX 50 UCITS ETF|H50E|EUR|35.75|0.10%|07.03.2019
ComStage CBK Bd-Fut Sh|CBBFS|CHF|61.52|0.10%|27.03.2019
iSh EUR CorpBnd 1-5 EUR Dis|SE15|CHF|124.18|0.10%|01.04.2019
SPDR MSCI Europe Utilities ETF|STUX|CHF|125.42|0.10%|14.03.2019
ComStage CBK Bd-Fut Lev|CBBFL|CHF|315.55|0.10%|08.01.2018
UBSETF MSCI EMU H-SGD ACC|EMUP|SGD|21.04|0.10%|27.09.2018
UBSETF HFRX HedFund SF GBP ACC|HFGBAS|GBP|84.92|0.09%|03.04.2019
SPDR Russell 2000|R2US|CHF|42.485|0.09%|03.04.2019
VanguardFTSE100|VUKE|CHF|42.885|0.09%|04.04.2019
AMUNDI MSCI CHINA ETF|CC1USD|USD|323.9|0.09%|25.03.2019
X DAX|XDAX|CHF|129.78|0.09%|04.04.2019
iSh Core MSCI Europ EUR Dis|IMEU|CHF|27.305|0.09%|04.04.2019
iSh $ TIPS 0-5 USD Dis|TIP5|USD|4.9235|0.09%|04.04.2019
SPDR 1-3 Y. US Tre. Bond|TRS3|CHF|49.67|0.09%|01.04.2019
iSh Edg MSCI USAValue USD Acc|IUVL|USD|6.634|0.09%|03.04.2019
SPDR S&P Global Div. Arist.|GLDV|CHF|33.695|0.09%|02.04.2019
ZKB GOLD ETF|ZGLD|CHF|393.25|0.09%|04.04.2019
UBSETF FAC USA TSYie H-GBP ACC|UTSYH|GBP|11.26|0.09%|13.06.2018
iSh Stx Eur600 Telecom EUR Dis|SXKPEX|EUR|22.545|0.09%|03.04.2019
iSh Core MSCI EMU EUR Acc|CSEMU|EUR|114.34|0.09%|04.04.2019
iSh EUR AggBnd EUR Dis|IEAG|CHF|137.52|0.09%|26.03.2019
iSh Stx Eur600 Chem EUR Dis|SX4PEX|EUR|92.28|0.09%|07.02.2019
X DBLCI COMM OY SW $ H|XBCU|USD|23.19|0.09%|27.03.2019
VanguardEURCorpBond|VECP|CHF|59.05|0.08%|02.04.2019
AMUNDI MSCI EMERG MKTS ETF|AUEM|USD|4.769|0.08%|04.04.2019
LYX ETF MSCI EUROPE DIS|LYMEU|CHF|144.62|0.08%|03.04.2019
X DAX INCOME CHF H|XDCH|CHF|14.638|0.08%|03.04.2019
Lyxor China Enterprise - USD|LYASC|CHF|17.19|0.08%| 
iSh SMI (CH) CHF Dis|CSSMI|CHF|99.18|0.08%|04.04.2019
iSh Core EUR GovtBnd EUR Dis|IEGA|EUR|124.92|0.08%|27.03.2019
UBSETF GOLD USD DIS|AUUSI|CHF|125.36|0.08%|04.04.2019
VanguardUSDCorp1-3Year|VUSC|CHF|50.46|0.08%|01.04.2019
iSh France GovBnd EUR Dis|IFRB|EUR|153.32|0.08%|09.10.2018
iSh DJ Eur SustScreen EUR Dis|SUBEEX|EUR|12.82|0.08%|01.02.2019
iSh Italy GovBnd EUR Dis|IITB|EUR|154.08|0.08%|03.04.2019
VanEck Jr. Gold Miners ETF|GDXJ|CHF|25.91|0.08%|02.04.2019
iSh German GovBnd EUR Dis|RXRGEX|CHF|157.52|0.08%|05.03.2019
iSh MSCI EMU ESG-Sc EUR Acc|SLMA|EUR|5.336|0.08%|28.03.2019
LYX ETF EURO STOXX 50 (DR) DIS|MSE|EUR|33.555|0.07%|04.04.2019
ComStage Vermögensstrategie|CBVS|CHF|137.56|0.07%|02.04.2019
X2 GGBU|XBTR|EUR|206.6|0.07%|28.03.2019
SPDR BARC 3-5 YR EURO GOV BOND|EU35|CHF|34.695|0.07%|18.03.2019
iSh Spain GovBnd EUR Dis|IESP|EUR|167.7|0.07%|01.02.2019
UBSETF EMU PRIME VAL H-CHF ACC|EPVLS|CHF|14.03|0.07%|26.03.2019
SPDR S&P US Financial ETF|SXLF|USD|28.06|0.07%|04.04.2019
iSh MSCI AC Ex-JP SmC USD Dis|ISFE|USD|28.405|0.07%|03.04.2019
iSh $ TreasBnd 7-10 USD Acc|CSBGU0|USD|144.16|0.07%|04.04.2019
ComStage Vermögensstrategie De|CBVSD|CHF|116.06|0.07%|19.10.2018
X MSCI EMU CHF H|XDUE|CHF|14.632|0.07%|04.04.2019
LYXOR ETF S&P 500|LYSP5|USD|29.465|0.07%|04.04.2019
LYX EMTS 710 Inv Gd ACC TH|LYMTD|EUR|178.98|0.07%|11.02.2019
Lyxor MSCI Emerging Markets|LEMC|CHF|12.014|0.07%|04.10.2018
iSh MSCI Korea USD Acc|CSKR|USD|150.98|0.07%|03.04.2019
iSh MSCI EMU USD-H Acc|EMUU|USD|6.067|0.07%|02.04.2019
UBSETF MSCI USA VALUE USD DIS|USVUSY|USD|76.64|0.07%|03.04.2019
iSh Core EuroStx50 EUR Dis|EUNE|CHF|39.08|0.06%|04.04.2019
X DAX INCOME $ H|XDUD|USD|18.996|0.06%|04.04.2019
Lyx Core EMU|LYMFE|EUR|47.515|0.06%|15.03.2019
UBSETF MSCI ACWI SF H-EUR UKDI|ACEUKD|EUR|126.96|0.06%|04.04.2019
iSh $ TreasBnd 3-7y USD Acc|CSBGU7|USD|127.22|0.06%|04.04.2019
UBSETF FAC USA TSYie H-CHF ACC|UTSYS|CHF|16.1|0.06%|04.04.2019
Frk LQ European Div UCITS ETF|FLXD|EUR|24.305|0.06%|11.02.2019
UBSETF EMU QUALITY H-CHF ACC|EQLTS|CHF|16.27|0.06%|03.04.2019
iSh EUR GovBnd 7-10 EUR Acc|CSBGE0|EUR|163.5|0.06%|25.03.2019
iSh Glob AggBnd USD Dis|AGGG|USD|4.9865|0.06%|04.04.2019
AMUNDI USD FRN HE ETF|AFLE|EUR|49.92|0.06%|03.04.2019
Invesco USD FRN|UFLT|USD|20|0.06%|07.01.2019
USD Corp 1-3 year (USD) Acc|VSCA|CHF|50.42|0.06%| 
USD Treasury Bond (USD) Acc|VUTA|CHF|25.215|0.06%| 
iSh ? GovBnd 3-7y EUR Dis|CSBGE7|EUR|134.76|0.06%|04.04.2019
ComStage CBK 10Y US-T. Fut.|CB10YL|CHF|103.1|0.06%|15.10.2018
X2 GLOB AGG SW CHF H|XBAC|CHF|17.328|0.06%|04.04.2019
iSh US AggBnd USD Acc|IUAA|CHF|5.201|0.06%|26.03.2019
X EUR CORPORATE BOND|XBEC|CHF|174.04|0.06%|20.03.2019
iSh MSCI EUM ESG-Sc EUR Dis|SLMB|EUR|5.332|0.06%|21.12.2018
iSh $ TreasBnd 1-3y USD Acc B|CSBGU3|USD|108.3|0.06%|04.04.2019
ComStage SDAX TR|CBSDAX|CHF|115.74|0.05%|25.03.2019
UBSETF MSCI USA SFMix USD DIS|USFMD|CHF|19.3|0.05%|20.02.2019
ComStage CAC 40|CBCAC|CHF|78.24|0.05%|28.03.2019
UBSETF MSCI EMU H-GBP DIS|EUGBPD|GBP|9.881|0.05%|19.02.2019
UBSETF MSCI EMU EUR ACC|EMUAA|EUR|19.888|0.05%|04.04.2019
iSh Euro TtlMkt Growth LC Dis|IDJG|CHF|41.785|0.05%|04.04.2019
UBSETF MSCI SWI 20/35 H-EUR AC|S2EUBH|EUR|16.806|0.05%|04.04.2019
X MSCI EMU $ H|XD5D|USD|42.71|0.05%|02.04.2019
Lyxor China Enterprise - Acc|LYASI|USD|172.38|0.05%|04.04.2019
X2 USD TUDR|XUTD|USD|216.45|0.05%|04.04.2019
iSh EUR CorpBnd ex-Fin EUR Dis|IEXF|CHF|132.06|0.05%|03.04.2019
AMUNDI GOV BD LOW R ETF|X1GD|EUR|226.05|0.04%|29.03.2019
X MSCI AC AJ SW|XAXD|USD|45.695|0.04%|04.04.2019
AMUNDI MSCI EM LATAM ETF|ALAT|EUR|13.758|0.04%|18.02.2019
AMUNDI GOV BD LOW R ETF|X1G|EUR|235.75|0.04%|05.03.2019
AMUNDI GOV BD ETF|CB3|EUR|235.75|0.04%|20.03.2019
UBSETF EU LiqCorSust EUR DIS|CBSEU|EUR|14.19|0.04%|04.04.2019
Invesco USD FRN EUR Hedged|UFLE|EUR|19.488|0.04%|28.01.2019
Invesco USD Corporate|PUIG|USD|19.744|0.04%|03.04.2019
iSh Euro Dividend EUR Dis|IDVY|CHF|24.68|0.04%|04.04.2019
SPDR MSCI EUR VALUE|EVAL|CHF|37.08|0.04%|16.10.2018
iSh EurStx (DE) EUR Dis|SXXEEX|EUR|37.425|0.04%|02.04.2019
ComStage STOXX UTILITIES|CBUTIL|CHF|100.04|0.04%|21.03.2019
SPDR 0-3 Y. U.S. Corp. Bond|SUSC|CHF|50.17|0.04%|22.01.2019
SPDR MSCI Europe Small Cap ETF|SMCX|CHF|255.65|0.04%|03.04.2019
iSh MSCI Brazil USD Acc|CSBR|USD|77.5|0.04%|04.04.2019
Lyx Core EMU H|MFEC|CHF|105.88|0.04%|22.03.2019
AMUNDI USD FRN ETF|AFLT|USD|107.24|0.04%|03.04.2019
iSh Glob GovBnd USD Dis|IGLO|CHF|107.36|0.04%|03.04.2019
Ly STOXX EU Select Div 30|LYSEL|EUR|16.336|0.04%|04.04.2019
Vanguard SP500 ETF|VUSA|CHF|54.5|0.04%|04.04.2019
UBSETF US LIQ CORP H-CHF ACC|CBUSS|CHF|16.418|0.04%|03.04.2019
iSh MSCI EM USD Dis|IEEM|USD|41.805|0.04%|04.04.2019
SPDR MSCI EM|EMRG|CHF|55.83|0.04%|04.04.2019
UBSETF MSCI ACWI ESG H-EUR ACC|AWESGE|EUR|11.226|0.04%|04.04.2019
iSh Core MSCI Europ EUR Acc|IMEA|CHF|57.67|0.03%|04.04.2019
UBSETF MSCI EMU H-CHF ACC|EUCHBH|CHF|29.16|0.03%|04.04.2019
ComStage STOXX FINANCSERVIC|CBFIN|CHF|119.78|0.03%|15.03.2019
UBSETF FTSE 100 GBP DIS|100GBA|CHF|90.54|0.03%|04.04.2019
UBSETF MSCI EMU EUR UKDIS|EMUUKD|EUR|18.11|0.03%|25.03.2019
iSh MSCI EM ConsGrwth USD Acc|CEMG|USD|30.44|0.03%|02.04.2019
ComStage1 SDAX ETF|CB1SX|CHF|61.17|0.03%|14.03.2019
Ly T&RCoreCommo CRB EX-NRJ-Acc|LYCRN|USD|18.446|0.03%|11.03.2019
SPDR 10+ EURO GOVERNMENT|LGOV|EUR|31.37|0.03%|03.12.2018
ComStage MSCI EM TRN|CBMEM|CHF|47.66|0.03%|04.04.2019
iSh $ TreasBnd 20+ CHF-H Dis|DTLC|CHF|4.786|0.03%|04.04.2019
Invesco Euro FRN|EFNT|EUR|19.866|0.03%|21.12.2018
PIMCO EM LOC BD SRC ETF|EMLB|USD|99.34|0.03%|21.03.2019
AMUNDI GLOBAL EMERG BD ETF|AGEB|USD|133.96|0.03%|26.03.2019
Lyxor iBoxx $ Treasuries 10Y+|LYUS10|USD|138.48|0.03%|26.03.2019
HSBC MSCI MALAYSIA UCITS ETF|HMYR|USD|34.975|0.03%|01.02.2019
UBSETF US LIQ CORP H-CHF DIS|CBSUST|CHF|14.282|0.03%|04.04.2019
UBSETF JPM EM LOC CURR USD DIS|EMLOC|USD|15.654|0.03%|29.03.2019
Invesco STOXX Europe 600 ETF|S600|EUR|81.64|0.02%|04.04.2019
ComS CB US Trea B Fut 2x Short|CB25DS|CHF|84.28|0.02%|22.03.2019
UBSETF MSCI World USD DIS|WRDUSA|CHF|214.25|0.02%|04.04.2019
ESG MSCI Europe UCITS ETF|XZEU|CHF|21.84|0.02%|04.04.2019
UBSETF MSCI JAPAN JPY DIS|JPNJPA|CHF|43.695|0.02%|04.04.2019
X2 Gl GVBd CHF H|X03H|CHF|176.42|0.02%|04.04.2019
PIMCO SHT HIGH YLD SRC ETF EUR|STHE|EUR|88.85|0.02%|04.04.2019
UBSETF MSCI SWI 20/35 H-USD DI|S2USAH|USD|22.67|0.02%|04.04.2019
iSh ? Infl-L GovBnd EUR Acc|IBCI|CHF|233.25|0.02%|04.04.2019
ZKB Gold ETF (GBP)|ZGLDGB|GBP|944.9|0.02%|04.04.2019
iSh MDAX EUR Acc|MDAXEX|CHF|243.15|0.02%|04.04.2019
Lyxor iBoxx $ Liquid EM|LYLEMB|USD|98.8|0.02%|26.03.2019
iSh Core CorpBnd (CH) CHF Dis|CHCORP|CHF|100.1|0.02%|04.04.2019
LYX IBOXX $ T 1-3Y (DR) DIS TH|LYUS13|USD|100.44|0.02%|04.04.2019
iSh Core Glob AggBnd EUR-H Acc|AGGH|EUR|5.035|0.02%|04.04.2019
UBSETF MSCI EMU H-USD DIS|EUUSAH|USD|25.32|0.02%|25.03.2019
USD Corp Bond (USD) Acc|VCPA|CHF|50.93|0.02%| 
PIMCO LOW DUR USD CORP ETF|LDCU|USD|102.1|0.02%|02.04.2019
X Future Mobility 1C|XMOV|USD|51.38|0.02%|28.03.2019
UBSETF S&P 500 SF USD ACC|S5USAS|USD|51.45|0.02%|04.04.2019
iSh US Mort Bcked Sec USD Acc|IMBA|CHF|5.184|0.02%|27.03.2019
UBSETF SBI AAA-BBB 1-5 CHF DIS|SF1CHA|CHF|12.004|0.02%|04.04.2019
Raif Solid Gold H-CHF|RGLDSH|CHF|3188.5|0.02%|04.04.2019
ComStage CBK Bd-Fut Dbl Sh|CBBFDS|CHF|33.55|0.01%|26.02.2019
VanguardGlblLiquidity|VLIQ|CHF|34.42|0.01%|25.10.2018
LYX EMTS Inf Lkd Inv Gr ACC TH|LYMTI|EUR|150.18|0.01%|21.03.2019
UBSETF MSCI SWI 20/35 H-EUR DI|S2EUAH|EUR|15.436|0.01%|04.04.2019
UBSETF US TREASUR 7-10 USD DIS|UT7USA|USD|41.785|0.01%|03.04.2019
UBSETF FAC EMU LO VOL H-EUR DI|ELOVD|CHF|17.098|0.01%|27.03.2019
LYX AllMat Inv Grd (DR) ACC TH|LYMTX|EUR|182.16|0.01%|04.04.2019
UBSETF S&P 500 USD DIS|SP5USY|CHF|46.315|0.01%|04.04.2019
WisdomTree US SC Div|DESE|CHF|19.59|0.01%|18.03.2019
iSh $ FloaterBnd GBP-H Dis|FLOS|GBP|4.948|0.01%|04.04.2019
LYX SG JAPAN QTY INCOME DIS|SGQJ|JPY|10251|0.00%|24.08.2018
UBSETF USA QUALITY H-GBP DIS|UQLTH|GBP|15.02|0.00%|22.02.2019
LYX JPMORGAN MULTIFACT EUR ACC|LYX5|CHF|135.64|0.00%|22.03.2019
WT GL QTY DIV GR|GGRW|USD|21.42|0.00%| 
iSh Edg MSCI Wrld MV EUR-H Acc|SXR0|CHF|6.473|0.00%|19.03.2019
UBSETF MSCI UK H-SGD ACC|UKSGD|SGD|18.5|0.00%|27.09.2018
iSh CorpBnd ex-Fin 1-5 EUR Dis|EEX5|EUR|110.48|0.00%|01.04.2019
UBSETF FTSE 100 GBP UKDIS|100UKD|GBP|10.672|0.00%|15.03.2019
X MSCI EUROPE $ H|XEOU|USD|10.436|0.00%|25.03.2019
VanguardFTSE250|VMID|CHF|40.495|0.00%|15.02.2019
iSh $ CorpBnd EUR-H Dis|LQEE|EUR|4.7165|0.00%|03.04.2019
HSBC MSCI CANADA UCITS ETF|HCAN|CAD|22.595|0.00%|06.03.2019
JPM GEMREIEESG UCITS USD acc|JREM|USD|26.875|0.00%|12.03.2019
iSh Core Glob AggBnd GBP-H Dis|AGBP|GBP|5.021|0.00%|01.02.2019
ComStage MSCI EUROPE|CBMEUR|USD|63.73|0.00%|03.04.2019
AMUNDI MSCI EM ASIA ETF|AASI|EUR|29.785|0.00%|02.04.2019
SPDR U.S. Agg|USAG|CHF|105.18|0.00%|05.03.2019
SPDR MSCI Europe Telecom ETF|STKX|CHF|80.66|0.00%|28.03.2019
iSh Stx Eur600 FinServ EUR Dis|SXFPEX|EUR|47.375|0.00%|28.03.2019
SPDR MSCI World Con Dis ETF|WCOD|USD|41.855|0.00%|02.04.2019
WisdomTree US Eq Inc ETF Acc|DHSA|USD|19.706|0.00%|12.03.2019
ComStage STOXX RETAIL|CBRETA|CHF|72.08|0.00%|27.11.2018
Frk LQ AC Asia ex Japan ETF|FLQA|USD|20.76|0.00%|26.03.2019
BNPP Easy Equity Value US|EVUS|EUR|115.58|0.00%| 
UBSETF HIGH QUAL LIQUI EUR DIS|HQLA1|EUR|10.9|0.00%|21.12.2018
X MSCI EM ASIA SW|XMAI|USD|51.28|0.00%|03.04.2019
JPM USDCBREI UCITS USD acc|JRUB|USD|106|0.00%|21.03.2019
IVZ Comms S&P US Select Sector|XLCS|USD|42.68|0.00%|29.11.2018
ComStage MSCI NORTH AMERICA|CBMNA|CHF|80.39|0.00%|18.03.2019
BNPP Easy Value EU UCITS ETF|EVAE|EUR|128.54|0.00%|09.01.2019
Invesco AT1 Cap Bond GBP Hdg|AT1S|GBP|40.11|0.00%| 
LYX US$ 10Y Infla Expec ACC|INFU|USD|104.12|0.00%|01.04.2019
Invesco US HY Fallen Angels|HYFA|USD|25.29|0.00%|28.12.2018
UBSETF MSCI EMU SRI EUR ACC|EMUSRI|EUR|19.28|0.00%|04.04.2019
ComStage 1 STOXX Europe 600|CB1EU6|CHF|44.14|0.00%|22.03.2019
UBSETF MSCI JAPAN SRI H-USD AC|JPSRU|USD|11.572|0.00%|28.03.2019
ComStage S&P 500|CBSP50|CHF|323.65|0.00%|02.04.2019
AMUNDI MSCI EUR EX SWIT ETF|CS9|EUR|214.45|0.00%|02.04.2019
X MSCI WORLD HIGH DIV YIELD|XDWY|USD|18.896|0.00%|27.03.2019
ComStage MSCI RUSSIA 30% CAP|CBRUS|USD|173.96|0.00%|11.01.2019
WTS&P500 PUT ACC|PUTW|USD|48.91|0.00%| 
ComStage STOXX TELECOM|CBTELE|EUR|63.44|0.00%|14.02.2019
ComStage STOXX MEDIA|CBTV|EUR|55.12|0.00%|11.03.2019
JPM EURCBREI UCITS EUR acc|JREB|EUR|103.66|0.00%|22.03.2019
L&G LOIM Euro Corporate|FWEC|CHF|11.558|0.00%|02.07.2018
UBSETF JPM USD EM 1-5 H-CHF AC|SHEMC|CHF|10.93|0.00%|03.04.2019
iSh EUR HY CorpBnd EUR Acc|HIGH|EUR|5.137|0.00%|29.03.2019
UBSETF MSCI EMU SRI H-USD ACC|EUSRU|USD|16.39|0.00%|05.03.2019
L&G LOIM Global Government|CORE|CHF|9.774|0.00%|25.03.2019
ComStage Vermögensstrategie De|CBVSD|EUR|103.52|0.00%|01.03.2019
iSh FTSE MIB EUR Dis|IMIB|CHF|14.572|0.00%|01.04.2019
iSh Edg MSCI WrldMulti USD Acc|IFSW|USD|6.886|0.00%|04.04.2019
Invesco FTSE RAFI US 1000|PFT|USD|19.034|0.00%|25.03.2019
WT EU GR ETF-A|EGRA|EUR|16.966|0.00%| 
First Trust Eurozone AlphaDX|FEUZ|CHF|34.57|0.00%|27.03.2019
LYX MSCI EMU Growth(DR) DIS TH|GWT|EUR|128.96|0.00%|03.04.2019
X2 Gl GVBd $ H|XGSI|USD|12.76|0.00%|20.03.2019
ComStage STOXX GOODS&SERVIC|CBGOOD|EUR|96.46|0.00%|24.01.2019
WisdomTree EM Asia USD|DEMA|USD|11.322|0.00%|15.03.2019
ComStage STOXX INSURANCE|CBINS|EUR|62.75|0.00%|17.10.2018
ComStage STOXX TRAV&LEISURE|CBTRAV|CHF|49.72|0.00%|18.02.2019
UBSETF BBG TIPS 1-10 H-GBP ACC|TIP1G|GBP|13.082|0.00%|01.04.2019
BNPP Easy Low Vol US UCITS ETF|EVOU|EUR|133.8|0.00%|07.02.2019
ComStage MSCI WORLD|CBMWOR|CHF|60.28|0.00%|03.04.2019
UBSETF MSCI SINGAPORE SGD DIS|SGPDU|USD|18.868|0.00%|03.04.2019
M ACC RICISMM IND C|MRMI|USD|121.84|0.00%|03.04.2019
WisdomTree Japan Equity CHF|DXJD|CHF|17.766|0.00%|25.03.2019
iSh MSCI Europ ESG-Sc EUR Acc|SLMC|EUR|5.43|0.00%|06.12.2018
HSBC MSCI BRAZIL UCITS ETF|HBRL|USD|20.385|0.00%|19.03.2019
iSh Stx Eur600 Insuran EUR Dis|SXIPEX|EUR|30.07|0.00%|13.03.2019
GAM Physical Silver (CHF) AX|JBSICX|CHF|11.778|0.00%|02.04.2019
IVZ US Treasury Bond 3-7 Year|TRE7|USD|40.475|0.00%| 
LYX ETF EURO CASH ACC|LYCSH|EUR|105.2|0.00%|04.02.2019
WisdomTree Europe SC Div|DFE|CHF|18.57|0.00%|02.04.2019
Lyxor MSCI AC APEJ - USD|LYPXJ|CHF|6.188|0.00%| 
iSh Glob CorpBnd USD Dis|CORP|USD|96.41|0.00%|21.03.2019
LYX FTSE EPRA/NAREIT G Dev|LYMWE|CHF|52.59|0.00%| 
ComStage HSI|CBHSI|USD|44.705|0.00%|25.02.2019
JPM Managed Futures UCITS ETF|JPMF|USD|24.51|0.00%|01.04.2019
UBSETF EU LiqCor 1-5 H-USD ACC|CBEU5U|USD|15.122|0.00%|02.04.2019
ComStage FTSE 100 TR|CBGB10|GBP|62.87|0.00%|29.03.2019
iSh Stx Eur600 Techno EUR Dis|SX8PEX|EUR|45.255|0.00%|29.03.2019
L&G LOIM Global Corp (GBP H)|CRGH|GBP|10.466|0.00%|25.07.2016
ComS CBK 10Y US-T. Fut. Short|CB10YS|USD|100.72|0.00%|15.03.2019
iSh Stx Eur600 Retail EUR Dis|SXRPEX|EUR|32.2|0.00%|07.03.2019
iSh Edg MSCI Wrld EUR-H Acc|IS07|CHF|6.364|0.00%|19.10.2018
PMCO SC ST HY Crp Bd EU Hdg Ac|STEA|EUR|101.7|0.00%|07.09.2018
OSSIAM EMMV US|DEMV|USD|128.9|0.00%|29.03.2019
SPDR Gbl Agg CHF Hdg|GLAC|CHF|30.375|0.00%|03.04.2019
ComStage STOXX TECHNOLOGY|CBTECH|CHF|77.86|0.00%|18.03.2019
WisdomTree Japan Equity EUR|DXJF|EUR|15.298|0.00%|25.03.2019
WTCOCO ETF USD A|COCB|USD|99.5|0.00%| 
Lyxor Scientific Beta|MFLS|USD|92.12|0.00%|24.08.2018
UBSETF EURO INFL 1-10 EUR DIS|INFL1|EUR|14.61|0.00%|13.03.2019
AMUNDI S&P GLOB LUXURY ETF|GLUX|EUR|122.54|0.00%|26.03.2019
ComStage MSCI USA|CBUSA|CHF|76.26|0.00%|13.03.2019
UBSETF CMCI xAGRI SF H-GBP ACC|CCXAG|GBP|99.56|0.00%|20.02.2019
X MSCI EMU I|XD5E|CHF|45.065|0.00%|04.04.2019
JPM EMSB UCITS|JMBE|EUR|92.44|0.00%|19.03.2019
ComStage Vermögensstrategie Of|CBVSO|CHF|119.54|0.00%|04.03.2019
iSh EM Dividend USD Dis|IEDY|CHF|22.26|0.00%|03.04.2019
X MSCI KOREA|XMKO|USD|69.55|0.00%|26.03.2019
UBSETF US TREASU 10+ H-EUR DIS|UST10F|EUR|9.54|0.00%|22.03.2019
LYX EUR 2-10Y Infla Expec ACC|INFL|EUR|97.31|0.00%|01.04.2019
UBSETF MSCI JAPAN H-SGD ACC|JPNP|SGD|18.682|0.00%|24.01.2018
SPDR EUR HY|JNKE|CHF|63.89|0.00%|03.04.2019
AMUNDI STOXX GL AI UCITS ETF|GOAI|USD|57.63|0.00%|27.03.2019
IVZ US Treasury Bond UCITS ETF|TRES|USD|40.51|0.00%| 
JPM EUR Govt Bond UCITS ETF|JE13|EUR|100.08|0.00%|29.01.2019
AMUNDI GOV BD LOW R1-3 ETF|X13G|EUR|115.12|0.00%|18.06.2018
X2 GI-LBd ? H|XGIN|EUR|228.45|0.00%|28.03.2019
ComS CBK US Trea B Fut. Short|CB25YS|USD|94.26|0.00%|20.03.2019
ComStage Vermögensstrategie Of|CBVSO|EUR|106.72|0.00%|29.08.2018
Lyx iBoxx $ Liquid EM MH|LYEMBH|EUR|93.55|0.00%| 
UBSETF US LIQ CORP USD DIS|CBSUS|USD|16.516|0.00%|03.04.2019
AMUNDI MSCI EUROPE ETF|CEU|EUR|224.75|0.00%|01.04.2019
WTCOCO ETF USD|CCBO|USD|95.98|0.00%| 
UBSETF MSCI EUROPE H-USD ACC|EUUSA|USD|13.034|0.00%|14.02.2019
UBSETF USA QUALITY USD DIS|UQLTD|CHF|24.325|0.00%|03.04.2019
ComS CB US Trea B Fut 2x Short|CB25DS|USD|84.57|0.00%|25.03.2019
LY ? MTS H RAT M-W G BOND 5-7Y|LYMA57|EUR|125.12|0.00%|11.03.2019
iSh $ TreasBnd 1-3y USD Dis|IBTS|USD|130.98|0.00%|04.04.2019
WsdmTree EE SmllCp Div ETF Acc|DFEA|EUR|14.562|0.00%|25.03.2019
LYX MSCI EMU Small Cap DIS TH|MMS|EUR|283.7|0.00%|28.02.2019
ComStage STOXX CONSTR&MATER|CBCONS|CHF|97.88|0.00%|29.10.2018
ComStage MSCI JAPAN|CBMJ|CHF|58.4|0.00%|21.03.2019
iSh EuroStx50 ex-Fin EUR Acc|EXFN|CHF|40.775|0.00%|06.03.2019
ComStage STOXX 600|CBEU6|CHF|89.76|0.00%|07.03.2019
AMUNDI CAC 40 UCITS ETF DR D|C4DE|EUR|54.1|0.00%|15.02.2019
SPDR 7-10 US TREASURY|TRSX|USD|28.9|0.00%|25.03.2019
iSh Stx Eur600 Travel EUR Dis|SXTPEX|EUR|22.75|0.00%|27.02.2019
GAM Physical Silver (EUR) AX|JBSIEX|EUR|8.324|0.00%|18.02.2019
UBSETF BBG TIPS 10+ USD DIS|TIP10D|USD|13.01|0.00%|29.03.2019
UBSETF FAC US LO VOL H-CHF ACC|ULOVS|CHF|16.538|0.00%|02.04.2019
AMUNDI US TREAS 3-7 ETF|US3|USD|210.6|0.00%|06.03.2019
SPDR Gbl Agg USD Hdg|GLAU|USD|31.215|0.00%|28.12.2018
iSh MSCI France EUR Acc|IFRE|CHF|39.875|0.00%|07.03.2019
UBSETF US LIQ CORP 1-5 USD DIS|CBUS5|USD|14.28|0.00%|03.04.2019
UBSETF US LIQ CORP H-EUR ACC|CBUSE|EUR|17.56|0.00%|02.04.2019
UBSETF HFRX HedFund SF USD ACC|HFUSAS|USD|91.64|0.00%|01.04.2019
SPDR TR GLOBAL CONVERTIBLE BND|GCVB|CHF|35.805|0.00%|02.04.2019
SPDR Gbl Agg GBP Hdg|GLAB|GBP|30.62|0.00%|15.01.2019
UBSETF MSCI HONG KONG HKD DIS|HKDU|USD|21.58|0.00%|03.04.2019
PIMCO SHT TRM HIGH YLD GBP HDG|STHS|GBP|10.084|0.00%|07.01.2019
UBSETF US LiqCorpIntHd USD DIS|CBUSIH|USD|13.942|0.00%|08.03.2019
UBSETF SBI DOM GOV 7-15 CHF DI|SB7CHA|CHF|151.2|0.00%|02.04.2019
iSh MSCI EM SRI USD Dist|SEMD|USD|5.226|0.00%|26.03.2019
LY ? MTS H RAT M-W G BOND 3-5Y|LYMA35|EUR|112.9|0.00%|19.03.2019
iSh MSCI EM IMI ESG-Sc USD Dis|SEDM|USD|5.571|0.00%|18.03.2019
ComStage MDAX|CBMDAX|CHF|26.66|0.00%|22.03.2019
HSBC MSCI KOREA UCITS ETF|HKOR|USD|47.655|0.00%|05.03.2019
UBSETF MSCI JAPAN H-USD DIS|JPUSAH|USD|22.855|0.00%|02.04.2019
UBSETF FAC US LO VOL H-GBP DIS|ULOVH|GBP|13.42|0.00%|14.03.2019
XT USD HY Corporate Bond 1D|XUHY|USD|15.164|0.00%|15.03.2019
BNPP S&P500 ?H C|ESEH|EUR|9.762|0.00%|28.03.2019
iSh Stx Eur600 Media EUR Dis|SXMPEX|EUR|26.93|0.00%|08.03.2019
UBSETF US LIQ CORP USD ACC|CBUSAC|USD|12.696|0.00%|03.04.2019
HSBC EURO STOXX 50 UCITS ETF|H50E|USD|40.125|0.00%|25.03.2019
ComStage STOXX CONSTR&MATER|CBCONS|EUR|87.44|0.00%|21.03.2019
BNPP Easy LowVol US UCITS ETF|VLUD|EUR|120.02|0.00%|29.03.2019
iSh Edg S&P500 MinVol Acc|SPLV|CHF|54.59|0.00%|02.04.2019
SPDR US CORPORATE|USCO|USD|31.325|0.00%|19.02.2019
PIMCO SHT TERM HIGH YLD ACC|STYC|USD|119.48|0.00%|18.03.2019
ComStage CBK Bd-Fut Lev|CBBFL|EUR|281.5|0.00%|06.12.2017
iSh MSCI Wrld ESG-Sc USD Dis|SDWD|USD|5.164|0.00%|13.03.2019
PIMCO Euro Short Mat ETF|PJS1|EUR|100.24|0.00%|06.02.2019
UBSETF MSCI JAPAN SRI H-EUR AC|JPSRE|EUR|11.778|0.00%|28.03.2019
X MSCI Eu|XIEE|EUR|56.52|0.00%|02.04.2019
UBSETF FAC EMU LO VOL H-CHF AC|ELOVS|CHF|16.48|0.00%|29.03.2019
iSh EM Asia Loc GovBnd USD Dis|IGEA|CHF|92.42|0.00%|28.03.2019
UBSETF MSCI USA SRI H-EUR DIS|USSRF|EUR|15.77|0.00%|25.03.2019
X MSCI CHINA|XMCH|CHF|18.604|0.00%|03.04.2019
M ACC ASIA C|MDAI|USD|68.79|0.00%|30.01.2019
PMCO SRC EU ST HY Corp Bnd Inc|EUHI|EUR|9.789|0.00%|07.03.2019
AMUNDI MSCI SWITZ UCITS ETF|CSWE|EUR|286.1|0.00%|27.03.2019
iSh Edg MSCI EurMulti EUR Acc|IFSE|EUR|6.084|0.00%|28.03.2019
UBSETF JPM USD EM 1-5 H-GBP DI|SHEMG|GBP|12.278|0.00%|29.03.2019
IVZ US Treasury Bond 1-3 Year|TRE3|USD|40.25|0.00%|22.02.2019
AMUNDI STOXX EUR 600 ETF|C6E|EUR|82.57|0.00%|29.03.2019
WisdomTree Japan Equity JPY|DXJZ|USD|18.602|0.00%|14.12.2018
X MSCI EUROPE|XMEU|EUR|58.75|0.00%|03.04.2019
UBSETF MSCI UK H-EUR DIS|UKEUAH|EUR|16.306|0.00%|26.03.2019
iSh Stx Eur600 RealEst EUR Dis|SREEEX|EUR|18.344|0.00%|20.03.2019
LYXOR ETF WORLD INDUSTRIALS|LYINDW|USD|347.2|0.00%|27.03.2019
Invesco Euro Corporate Bond|PSFE|EUR|20.15|0.00%|06.03.2019
JPM Managed - EUR Hedged (acc)|JMFE|EUR|21.73|0.00%| 
X MSCI EMU £ H|XD5S|GBP|21.12|0.00%|12.03.2019
X MSCI CAN|XCAN|CHF|52.36|0.00%|25.03.2019
OSSIAM WMV US|WDMV|USD|184.86|0.00%|19.02.2019
UBSETF FAC EMU LO VOL H-USD AC|ELOVU|USD|18.24|0.00%|18.03.2019
Invesco AT1 Capital Bond|IAT1|USD|21.085|0.00%|05.03.2019
iSh Stx Eur600 Health EUR Dis|SXDPEX|EUR|79.19|0.00%|03.04.2019
FIRST TRUST SWISS ALPHADEX|FTSZ|CHF|24.24|0.00%|03.04.2019
UBSETF MSCI USA H-JPY ACC|USJPY|JPY|1927|0.00%|29.03.2019
WT EZ QTY DIV GR|EGRW|EUR|15.314|0.00%| 
OSSIAM EMMV EUR|EMMV|EUR|114.66|0.00%|09.01.2019
Invesco S&P 500 QVM UCITS ETF|PQVM|CHF|30.77|0.00%|19.02.2019
ComStage CBK FED FUNDS|CBFEDF|USD|102.58|0.00%|22.01.2019
WT EH CMD £H-ACC|WCOM|GBP|9.755|0.00%| 
WisdomTree EM Eq Inc ETF Acc|DEMR|USD|20.73|0.00%|03.04.2019
iSh MSCI EM LatAm USD Dis|LTAM|USD|18.052|0.00%|03.04.2019
iSh MSCI EM IMI ESG-Sc USD Acc|SAEM|USD|5.57|0.00%|01.04.2019
iSh Core Glob AggBnd CHF-H Acc|AGGS|CHF|5.083|0.00%|04.04.2019
ComStage STOXX RETAIL|CBRETA|EUR|64.37|0.00%|11.10.2018
ComStage Vermögensstrategie|CBVS|EUR|122.76|0.00%|01.04.2019
PIMCO LOW DUR USD CORP CHF HDG|LDCC|CHF|101.42|0.00%|03.04.2019
AMUNDI EURO CORPO FIN ETF|AFIN|EUR|135.04|0.00%|16.03.2018
iSh CorpBnd SRI 0-3y EUR Dis|SUSE|EUR|5.011|0.00%|28.03.2019
iSh TA-35 Israel USD Acc|TASE|USD|5.767|0.00%|28.03.2019
Vanguard FTSEDW|VEVE|CHF|62.85|0.00%|03.04.2019
LY MSCI EAST EUR X RUS - ACC|LYCEC|EUR|21.97|0.00%|03.04.2019
ComStage CBK Bd-Fut|CBBF|CHF|188.46|0.00%|05.03.2019
Invesco HYFA UCITS ETF CHF Hdg|FACH|CHF|24.565|0.00%|25.03.2019
DBX GLOBAL INFLN LNKD ETF- 1D|XGII|EUR|213.3|0.00%|29.03.2019
GAM Physical Silver (USD) AX|JBSIUX|USD|14.196|0.00%|25.02.2019
UBSETF SBI DOM GOV 1-3 CHF DIS|SB1CHA|CHF|79.86|0.00%|02.04.2019
WisdomTree EE EQ Inc ETF Acc|EEIA|EUR|15.23|0.00%|08.03.2019
iSh EUR HY CorpBnd USD-H Acc|HYGU|USD|5.325|0.00%|21.03.2019
SPDR 0-5 Y. US High Y. Bond|SJNK|CHF|46.365|0.00%|14.03.2019
SPDR 3-5 US TREASURY|TRS5|USD|29.455|0.00%|07.03.2019
SPDR 10+ US TREASURY|LUTR|USD|28.795|0.00%|26.02.2019
iSh Stx Eur600 Utility EUR Dis|SX6PEX|EUR|31.36|0.00%|26.03.2019
UBSETF EUR TREASU 1-10 EUR DIS|SS1EUA|EUR|12.534|0.00%|29.03.2019
GAM Physical Silver (GBP) AX|JBSIGX|GBP|8.227|0.00%|18.02.2019
X2 GLOB AGG SW ? H|XBAE|EUR|21.755|0.00%|01.04.2019
HSBC MSCI EM FAR EAST UCITS|HMFE|USD|46.655|0.00%|05.02.2019
UBSETF MSCI ACWI SRI H-CHF DIS|AWSRIT|CHF|8.991|0.00%|03.04.2019
UBSETF MSCI CANADA CAD UKDIS|CANUKD|CAD|15.18|0.00%|25.03.2019
Invesco FTSE RAFI ALL-WORL|PSRW|USD|19.476|0.00%|18.03.2019
JPM Ultra-Short Inc UCITS ETF|JPST|USD|100.66|0.00%|02.04.2019
ComStage EUSTOXX50 SHORT|CBSX5S|CHF|15.21|0.00%|26.03.2019
iSh Elec Veh Drv Tech USD Acc|ECAR|USD|5.078|0.00%|22.03.2019
ComStage MSCI RUSSIA 30% CAP|CBRUS|CHF|173.54|0.00%|03.04.2019
WTCOCO ETF USD H|CODO|USD|102.86|0.00%| 
iSh MSCI UK GBP Acc|CSUK|GBP|109.04|0.00%|03.04.2019
UBSETF JPM USD EM 1-5 H-EUR AC|SHEME|EUR|11.782|0.00%|25.03.2019
M ACC J R II COMM C|MRIC|USD|20.825|0.00%|03.04.2019
iSh ? HY CorpBnd EUR Dis|IHYG|CHF|116.48|0.00%|03.04.2019
WSDMTR ENH CMD-$|WCOG|USD|10.2|0.00%| 
WTCOCO ETF EUR H|COBO|EUR|100.84|0.00%| 
SPDR GBL CONV CHF Hdg|GCVC|CHF|29.71|0.00%|02.04.2019
AMUNDI US TREAS 1-3 ETF|US1|USD|172.32|0.00%|03.04.2019
Invesco HYFA UCITS ETF GBP Hdg|FAGB|GBP|25.11|0.00%|21.01.2019
WT US QTY DIV GR|DGRW|USD|22.47|0.00%| 
X2 I Cros SW|XTXC|EUR|197|0.00%|03.04.2019
iSh ? FloaterBnd EUR Dis|EFRN|EUR|4.993|0.00%|20.02.2019
UBSETF EURO INFL 10+ EUR DIS|INFL10|EUR|18.39|0.00%|03.04.2019
ComStage MSCI EUROPE SMALLCAP|CMEUSC|USD|47.76|0.00%|25.03.2019
SPDR EM Dividend|EMDV|CHF|16.51|0.00%|28.03.2019
ComStage STOXX MEDIA|CBTV|CHF|61.75|0.00%|02.03.2017
ComStage STOXX CHEMICALS|CBCHEM|EUR|183.74|0.00%|10.01.2019
LYXOR ETF WORLD TELECOM|LYTELW|USD|126.06|0.00%|03.04.2019
Lyxor Euro Corporate Bond|LYCNB|EUR|136.76|0.00%|01.03.2019
UBSETF MSCI SWI 20/35 HGBP DIS|S2HGBD|GBP|16.406|0.00%|27.02.2019
ComStage ATX|CBATX|CHF|41.315|0.00%|01.04.2019
OSSIAM Shiller Barclayscape EU|CAPE|EUR|324.7|0.00%|29.03.2019
UBSETF MSCI JAPAN H-GBP DIS|JPGBPD|GBP|11.042|0.00%|05.03.2019
iSh FallAng HY CorpBnd USD Dis|WING|USD|5.286|0.00%|01.04.2019
GAM PHYSICAL GOLD (USD) AX|JBGOUX|USD|1233.2|0.00%|02.04.2019
UBSETF HFRX HedFund SF EUR ACC|HFEUAS|EUR|82.44|0.00%|02.04.2019
ComStage STOXX CHEMICALS|CBCHEM|CHF|205.7|0.00%|05.03.2019
iSh Edg MSCI Wrld Size USD Acc|IWSZ|USD|33.56|0.00%|02.04.2019
ComStage CBK Bd-Fut Dbl Sh|CBBFDS|EUR|29.995|0.00%|03.04.2019
LY MSCI EM LAMER - ACC|LYLTM|USD|31.7|0.00%|22.03.2019
SPDR Euro Agg|EAGG|CHF|68.81|0.00%|25.03.2019
UBSETF USD EM SOVER USD DIS|SBEM|CHF|11.628|0.00%|27.03.2019
iSh MSCI USA QualDiv USD Dis|QDIV|USD|35.535|0.00%|03.04.2019
X2 GLOB AGG SW £ H|XBGG|GBP|77.37|0.00%|20.03.2019
UBSETF MSCI UK H-USD DIS|UKUSAH|USD|13.134|0.00%|26.03.2019
X2 EUR CASH SW|XEON|EUR|137.24|0.00%|22.02.2019
ComStage NIKKEI 225|CBNKY|CHF|21.495|0.00%|11.03.2019
Lyxor BofAML ? High Yield|LYYIEL|EUR|114.28|0.00%|07.03.2019
UBSETF USD EM SOVER H-GBP DIS|SBEMH|GBP|11.082|0.00%|27.03.2019
UBSETF EMU QUALITY H-GBP DIS|EQLTH|GBP|11.1|0.00%|01.02.2019
UBSETF MSCI CANADA H-SGD DIS|CAHSGA|SGD|21.135|0.00%|10.12.2018
WTCOCO ETF GBP H|COGO|GBP|101.48|0.00%| 
UBSETF CMCI xAGRI SF USD ACC|CCXAA|USD|137.26|0.00%|25.03.2019
PIMCO EM LOC BD SRC ETF|EMLI|USD|75.17|0.00%|18.03.2019
ComStage CAC 40|CBCAC|EUR|69.84|0.00%|01.03.2019
ComStage ATX|CBATX|EUR|36.895|0.00%|22.03.2019
UBSETF GLOBAL GENDER H-GBP ACC|GENDEG|GBP|13.348|0.00%|29.03.2019
MARKET ACCESS JAPAN QUALITY|MAJQ|JPY|10844|0.00%|28.08.2018
AMUNDI STOXX50 UCITS ETF DR D|CD5E|EUR|53.44|0.00%|15.02.2019
UBSETF MSCI EMU SRI H-CHF ACC|EUSRS|CHF|18.3|0.00%|02.04.2019
HSBC M-FACTOR WW EQ UCITS ETF|HWWD|USD|19.292|0.00%|24.08.2018
JPM Managed- GBP Hedged (acc)|JMFP|GBP|19.886|0.00%| 
iSh Core FTSE 100 USD-H Acc|ISFD|USD|5.328|0.00%|02.04.2019
AMUNDI MSCI BRAZIL|BRZ|USD|50.95|0.00%|22.03.2019
IVZ US Treasury 7-10 GBP Hdg|TRXS|GBP|40.52|0.00%| 
UBSETF MSCI UK IMI SR GBP DIS|UKSR|GBP|15.76|0.00%|03.04.2019
X(IE) S&P 500 £ H|XDPG|GBP|48.1|0.00%|03.04.2019
UBSETF US TREASUR 7-10 USD ACC|UT7US|USD|11.692|0.00%|03.04.2019
AMUNDI RUSSELL 2000 ETF|RS2U|USD|218.95|0.00%|03.04.2019
iSh Edg MSCI EM MinVol Acc|EMLV|CHF|30.125|0.00%|03.04.2019
SPDR 10+ US CORPORATE|LUSC|USD|31.7|0.00%|13.02.2019
UBSETF FAC EMU LO VOL H-GBP DI|ELOVH|GBP|11.12|0.00%|23.01.2019
UBSETF EMU QUALITY H-USD ACC|EQLTU|USD|22.48|0.00%|08.03.2019
HSBC MSCI AC FAR EAST ex JAPA|HMAF|USD|47.035|0.00%|03.04.2019
WSDT EH CMD-$ACC|WCOA|USD|10.41|0.00%| 
GAM PHYSICAL GOLD (EUR) AX|JBGOEX|EUR|856.3|0.00%|28.03.2019
PIMCO EUR SHORT MAT ACC ETF|PJSR|EUR|98.45|0.00%|22.10.2018
GAM Physical Silver (GBP) A|JBSIGA|GBP|8.158|0.00%|27.03.2019
SPDR EM Asia|EMAS|CHF|66|0.00%|04.04.2019
WT GL GRW ETF|GGRA|USD|22.46|0.00%| 
iSh Edg MSCI USAMulti USD Acc|IFSU|USD|7.126|0.00%|01.04.2019
OSSIAM C2MV|C2MV|EUR|185460|0.00%|02.11.2018
iSh Pfandbriefe EUR Dis|R1JKEX|EUR|105.68|0.00%|20.03.2019
iSh TecDAX EUR Acc|TDXPEX|EUR|25.325|0.00%|03.04.2019
ComStage STOXX FINANCSERVIC|CBFIN|EUR|106.86|0.00%|15.10.2018
UBSETF MSCI ACWI ESG H-JPY ACC|AWESGJ|JPY|1191|0.00%|28.03.2019
iSh Core ? CorpBnd EUR Acc|IEAA|EUR|5.125|0.00%|02.04.2019
iSh Glob CorpBnd USD-H Acc|CRPU|USD|5.24|0.00%|25.03.2019
UBSETF MSCI CANADA H-GBP DIS|CAHGBD|GBP|12.64|0.00%|07.11.2018
Vanguard FTSENA|VNRT|CHF|70.67|0.00%|02.04.2019
JPM Equity Long-Shrt UCITS ETF|JELS|USD|22.065|0.00%|08.02.2019
Invesco EM USD Bond|PEMD|USD|19.266|0.00%|27.03.2019
SPDR 3-10 US CORPORATE|IUCB|USD|30.895|0.00%|25.03.2019
iSh $ FloaterBnd USD Dis|FLOT|USD|5.06|0.00%|19.03.2019
iSh MSCI Europ ESG-Sc EUR Dis|SLMD|EUR|5.42|0.00%|06.12.2018
SPDR MSCI World Financials ETF|WFIN|USD|39.64|0.00%|03.04.2019
ComStage STOXX GOODS&SERVIC|CBGOOD|CHF|107.96|0.00%|06.02.2019
X(IE) USD Cor ? H|XDGE|EUR|14.104|0.00%|03.04.2019
UBSETF MSCI UK SRI H-EUR ACC|UKSRE|EUR|17.07|0.00%|26.03.2019
iSh S&P500 Comms USD Acc|IUCM|USD|5.147|0.00%|28.03.2019
BNPP Easy Equity Divi Europe|EDEU|EUR|100.62|0.00%|11.10.2018
ComStage STOXX TRAV&LEISURE|CBTRAV|EUR|44.41|0.00%|22.03.2019
OSSIAM EUEW|S6EW|EUR|92.01|0.00%|19.03.2019
WisdomTree US Eq Inc|DHS|CHF|19.796|0.00%|01.04.2019
iSh Glob HY CorpBnd USD Acc|HYLA|USD|5.141|0.00%|21.12.2018
ComStage CBK Bd-Fut|CBBF|EUR|168.24|0.00%|07.11.2017
Invesco HYFA UCITS ETF EUR Hdg|FAEU|EUR|24.745|0.00%|13.03.2019
VanEck Natural Resources ETF|HAAP|CHF|21.57|0.00%|15.01.2019
L&G LOIM Global Corporate|CRED|CHF|10.216|0.00%|09.01.2019
iSh MSCI EM Islam USD Dis|ISEM|USD|17.702|0.00%|25.03.2019
BNPP Easy LowVol EU UCITS ETF|VLED|EUR|119.12|0.00%| 
ComStage MSCI EUROPE SMALLCAP|CMEUSC|CHF|47.615|0.00%|02.04.2019
LYX iBoxx $ T 5-7Y (DR) DIS TH|LYUS57|USD|110.94|0.00%|18.03.2019
ComStage Com ex-Agri EUR Hed|CBACOM|EUR|65.65|0.00%|29.03.2019
AMUNDI CAC 40 ETF|C40|EUR|78.26|0.00%|02.04.2019
AMUNDI FRN USD UCITS ETF CHF H|AFLC|CHF|49.505|0.00%|04.03.2019
UBSETF MSCI SWI 20/35 HSGD DIS|S2HSGA|SGD|22.65|0.00%|04.03.2019
WT US GRW ETF|DGRA|USD|23.33|0.00%| 
BNPP Easy Value EU UCITS ETF|VALD|EUR|113.46|0.00%|14.06.2018
HSBC MSCI SOUTH AFRICA UCITS|HZAR|USD|48.47|0.00%|02.04.2019
ComStage HSCEI|CBHSCE|USD|17.186|0.00%|17.12.2018
iSh Stx Eur600 Food&B EUR Dis|SX3PEX|EUR|72.2|0.00%|03.04.2019
OSSIAM EUMV|EUMV|EUR|183.64|0.00%|19.12.2018
AMUNDI MSCI EM ASIA ETF|AASU|USD|33.45|0.00%|01.04.2019
L&G LOIM Global Gov (EUR H)|COEH|EUR|9.809|0.00%|15.08.2018
Invesco AT1 Cap Bond EUR Hdg|XAT1|EUR|19.974|0.00%|14.11.2018
iSh ? CoveredBnd EUR Dis|ICOV|EUR|156.16|0.00%|22.02.2019
WT US Eq Inc ETF GBP Hedge Acc|DHSG|GBP|15.182|0.00%|19.07.2018
ComStage CBK Bd-Fut Sh|CBBFS|EUR|54.89|0.00%|30.01.2019
ComStage STOXX FOOD&BEV|CBFOOD|EUR|131.98|0.00%|28.03.2019
ComStage MSCI Italy TRN|CBITA|EUR|101.7|0.00%|10.08.2018
iSh Edg MSCI Wrld Valu USD Acc|IWVL|USD|30.725|0.00%|01.04.2019
UBSETF BBG TIPS 10+ H-GBP DIS|TIP10G|GBP|12.33|0.00%|29.03.2019
ComStage STOXX UTILITIES|CBUTIL|EUR|89.34|0.00%|05.02.2019
iSh MSCI Canada USD Acc|CSCA|CAD|170.8|0.00%|03.04.2019
iSh $ TreasBnd 20+ EUR-H Dis|DTLE|EUR|4.758|0.00%|19.12.2018
UBSETF MSCI ACWI SRI H-GBP DIS|AWSRIH|GBP|9.781|0.00%|29.03.2019
iSh Edg MSCI EMU Mutlifac Acc|EDMF|EUR|4.8485|0.00%|28.12.2018
UBSETF MSCI ACWI ESG H-CHF DIS|AWESGT|CHF|10.336|0.00%|01.04.2019
HSBC MSCI EM LAT AMERICA UCITS|HMLA|USD|27.42|0.00%|14.03.2019
UBSETF US TREASUR 1-3 USD ACC|UT1US|USD|13.156|0.00%|03.04.2019
UBSETF MSCI EUROPE H-EUR ACC|EUEUA|EUR|10.55|0.00%|25.03.2019
WisdomTree Japan Equity GBP|DXJP|GBP|10.168|0.00%|04.03.2019
FRK Lib Euro Short UCITS ETF|FLES|EUR|24.915|0.00%| 
SPDR MSCI Europe Indust ETF|STQX|CHF|192.82|0.00%|02.04.2019
UBSETF MSCI UK SRI H-USD ACC|UKSRU|USD|18.7|0.00%|09.01.2019
UBSETF FAC US LO VOL USD DIS|ULOVD|CHF|21.59|0.00%|11.02.2019
SPDR MSCI Europe Tech ETF|STTX|CHF|65.63|0.00%|10.01.2019
UBSETF JPM USD EM 1-5 USD DIS|SHEMB|USD|12.548|0.00%|25.03.2019
X(IE) MSCI USA|XUCD|USD|41.065|0.00%|01.02.2019
SPDR MSCI Europe ETF|EROX|CHF|227.65|0.00%|08.03.2019
ComStage CBK 10Y US-T. Fut.|CB10YL|USD|103.36|0.00%|30.05.2018
BNPP Easy Quality EU UCITS ETF|QUED|EUR|114.86|0.00%| 
UBSETF S&P 500 H-EUR DIS|SP500F|EUR|14.272|0.00%|04.03.2019
ComStage PSI 20|CBPSI|CHF|6.775|0.00%|28.03.2019
X USD Corp Bnd Yield Plus 1D|XYLD|USD|18.472|0.00%|22.03.2019
SPDR 7-10 EURO GOVERNMENT|EU7L|EUR|31.5|0.00%|01.06.2018
UBSETF SPI CHF DIS|SPICHA|CHF|64.07|0.00%|04.04.2019
JPM EM Sov Bond UCITS ETF|JPMB|USD|99.61|0.00%|27.03.2019
UBSETF US TREASU 1-3 H-EUR DIS|UST1F|EUR|11.254|0.00%|22.03.2019
ComStage 1 MDAX® UCITS ETF|CB1MDX|CHF|157.32|0.00%|03.04.2019
AMUNDI BBB EURO CORPO ETF|CBBB|EUR|15.352|0.00%|07.03.2019
BNPP STOXX 600CD|ETZD|EUR|9.859|0.00%|19.03.2019
PIMCO USD Short Mat ETF|MINT|USD|101.36|0.00%|01.04.2019
iSh MSCI Wrld Mutli CHF-H Acc|DMFC|CHF|5.243|0.00%|01.04.2019
iSh $ FloaterBnd EUR-H Dis|FLOE|EUR|4.8505|0.00%|08.03.2019
AMUNDI S&P 500 UCITS ETF|500E|EUR|46.15|0.00%|20.03.2019
ComStage FTSE 100 TR|CBGB10|CHF|82.36|0.00%|18.03.2019
AMUNDI S&P GLOB LUXURY ETF|LUXU|USD|137.6|0.00%|18.03.2019
ComStage1 TecDAX ETF|CB1TX|CHF|24.73|0.00%|03.04.2019
iSh MSCI Europe-UK GBP-H Dis|EUXS|GBP|5.145|0.00%|27.03.2019
DBX EUR Corporates Yield Plus|XDEP|EUR|16.402|0.00%|12.10.2018
ComStage STOXX REAL ESTATE|CBHOUS|CHF|33.905|0.00%|03.04.2019
Lyxor STOXX EU 600 Telecom|LYTEL|EUR|35.035|0.00%|20.03.2019
AMUNDI S&P 500 ETF|H500|EUR|72.29|0.00%|29.03.2019
Invesco AT1 Capital Bond Dist|AT1D|USD|20.26|0.00%|25.03.2019
ComStage STOXX 600|CBEU6|EUR|80.12|0.00%|18.03.2019
UBSETF FAC US LO VOL H-EUR ACC|ULOVE|EUR|19.88|0.00%|28.03.2019
LYX ETF Commo CRB EX-Agri ACC|CRAU|USD|111.36|0.00%|05.02.2019
iSh Glob Infl-L Govt EUR-H Dis|GILE|EUR|5.035|0.00%|27.02.2019
iSh Glob AggBnd USD-H Acc|AGGU|USD|5.225|0.00%|29.03.2019
ComStage MSCI EUROPE|CBMEUR|CHF|63.55|0.00%|25.03.2019
iSh Stx Eur600 ConsMat EUR Dis|SXOPEX|EUR|44.78|0.00%|04.03.2019
UBSETF USD EM SOVER USD DIS|SBEM|USD|11.642|0.00%|12.03.2019
UBSETF MSCI EUROPE H-CHF ACC|EURCHA|CHF|11.84|0.00%|02.04.2019
iSh Edg MSCI USASize USD Acc|IUSZ|USD|6.608|0.00%|06.03.2019
L&G LOIM EM Government|LOCL|CHF|9.86|0.00%|26.04.2018
PIMCO LOW DUR EUR CORP ETF|LDCE|EUR|103.74|0.00%|01.04.2019
VanguardEmergingMktsGovtBond|VDET|USD|50.67|0.00%|02.04.2019
iSh MSCI Europe SRI EUR Dis|ISED|EUR|5.385|0.00%| 
Frk LibrtyQ EuroEqty UCITS ETF|FLEQ|EUR|26.245|0.00%|16.01.2019
BNPP STOXX 600C|ETZ|EUR|10.41|0.00%|29.03.2019
UBSETF US LIQ CORP USD DIS|CBUS|USD|16.374|0.00%|28.03.2019
ComStage MSCI EUROPE MID CAP|CBEUMC|CHF|110.48|0.00%|14.02.2019
IVZ GS EFI EM|EFIM|USD|38.25|0.00%| 
UBSETF US LIQ CORP 1-5 USD ACC|CBUS5A|USD|15.726|0.00%|02.04.2019
ComStage CBK EONIA|CBEONI|EUR|101.18|0.00%|20.03.2019
Invesco FTSE RAFI EUROPE|PEF|CHF|10.618|0.00%|24.01.2019
UBSETF MSCI UK GBP DIS|UKGBPA|GBP|18.93|0.00%|02.04.2019
DBXT PORTFOLIO INCOME ETF|XS7W|EUR|12.066|0.00%|25.03.2019
iSh Edg MSCI Europ MinVol Acc|MVEU|CHF|49.775|0.00%|03.04.2019
UBSETF MSCI JAPAN H-GBP ACC|JPGBPA|GBP|11.382|0.00%|26.03.2019
WT EH CMD ?H-ACC|WCOE|EUR|9.69|0.00%| 
X2 EM USD Bd ? H|XEMB|EUR|320.9|0.00%|04.04.2019
WT US Eq Inc ETF EUR Hedge Acc|DHSF|EUR|16.86|0.00%|23.05.2018
X2 GI-LBd $ H|XG7U|USD|25.48|0.00%|05.03.2019
iSh GBP CorpBnd 0-5 GBP Dis|IS15|GBP|105.02|0.00%|03.04.2019
iSh Divers Comm Swap (IE) USD|ICOM|USD|5.064|0.00%|03.04.2019
AMUNDI US TREAS 7-10 ETF|US7|USD|258.9|0.00%|07.03.2019
iSh $ EM CorpBnd USD Dis|EMCR|CHF|99.9|0.00%|03.04.2019
Invesco GLOBAL BUYBACK ACH|BUYB|USD|34.165|0.00%|26.03.2019
PMCO SRC EU ST HY Corp Bnd Acc|EUHA|EUR|10.058|0.00%|05.02.2019
AMUNDI S&P 500 ETF|500USD|USD|51.87|0.00%|01.04.2019
UBSETF MSCI EUROPE H-GBP ACC|EUGBA|GBP|12.14|0.00%|29.10.2018
Invesco S&P 500 VEQTOR|SPVX|USD|26.95|0.00%|19.12.2018
OSSIAM WMV EUR|WOMV|EUR|164.52|0.00%|19.02.2019
IVZ US Treasury Bond 7-10 Year|TREX|USD|40.71|0.00%| 
Lyxor MSCI USA UCITS ETF|LUSAC|CHF|280|0.00%| 
GAM Physical Gold (GBP) AX|JBGOGX|GBP|723|0.00%|03.04.2019
iSh Edg MSCI EuropeVal EUR Acc|IEVL|EUR|5.918|0.00%|03.04.2019
UBSETF CMCI xAGRI SF H-EUR ACC|CCXAE|EUR|122.24|0.00%|01.04.2019
iSh ? GovBnd 0-1 EUR Dis|IEGE|EUR|98.72|-0.01%|27.02.2019
iSh US Mort Bckd Sec USD Dis|IMBS|USD|4.838|-0.01%|27.02.2019
Ly FTSE EPRA/NAREIT Dev EU|LYMEH|EUR|43.735|-0.01%|26.03.2019
GAM PHYSICAL GOLD (EUR) A|JBGOEA|EUR|852.8|-0.01%|04.04.2019
iSh Glob Water USD Dis|IH2O|USD|42.6|-0.01%|04.04.2019
iSh EurStx Small EUR Dis|DJSC|CHF|38.975|-0.01%|03.04.2019
AMUNDI MSCI EM LATAM ETF|ALAU|USD|15.498|-0.01%|03.04.2019
Lyxor Euro Corporate Bond|LYCRP|EUR|150.28|-0.01%|03.04.2019
LYXOR ETF WORLD HEALTH CARE|LYHLTW|USD|325.5|-0.02%|04.04.2019
Fidelity US Qual Income-Acc|FUSC|CHF|6.382|-0.02%|02.11.2018
LYX MTS 1-3Y Inv Gr(DR) ACC TH|LYMTA|EUR|125.12|-0.02%|04.04.2019
iSh Edg S&P500 EUR-H Acc|SPME|EUR|6.112|-0.02%|01.04.2019
Vanguard FTSE Emrgng Mkts ETF|VFEM|CHF|58.72|-0.02%|04.04.2019
SPDR Gbl Agg|GLAG|USD|29.265|-0.02%|04.04.2019
HSBC S&P 500 UCITS ETF|HSPX|USD|28.89|-0.02%|04.04.2019
iSh ? GovBnd 1-3y EUR Acc|CSBGE3|EUR|111.96|-0.02%|03.04.2019
ComStage MSCI EUROPE MID CAP|CBEUMC|USD|110.74|-0.02%|15.03.2019
iSh US AggBnd USD Dis|IUAG|USD|104.14|-0.02%|04.04.2019
iSh ? CorpBnd BBB-BB EUR Dis|IEBB|EUR|5.128|-0.02%|03.04.2019
LY ? MTS H RAT M-W G BOND 1-3Y|LYMA13|EUR|101.76|-0.02%|27.03.2019
JPM BetaB US Tre 13YR UCIT ETF|JU13|USD|101.58|-0.02%|03.04.2019
UBSETF MSCI UK SRI H-CHF DIS|UKSRT|CHF|10.126|-0.02%|04.04.2019
VanEck Global Mining ETF|GDIG|CHF|19.936|-0.02%|26.02.2019
UBSETF US TREASUR 1-3 USD DIS|UT1USA|USD|24.815|-0.02%|03.04.2019
Frk LQ Emerging Mkts UCITS ETF|FLXE|USD|24.815|-0.02%|29.03.2019
DBX GLOBAL SOV ETF- 5C EUR|XG7S|EUR|241.85|-0.02%|22.03.2019
UBSETF MSCI ACWI SRI H-EUR ACC|AWSRIE|EUR|9.609|-0.02%|04.04.2019
SPDR S&P Pan Asia Div. Arist.|PADV|CHF|47.695|-0.02%|04.04.2019
L&G Gold Mining Fund|AUCO|CHF|22.17|-0.02%|11.03.2019
UBSETF MSCI World USD DIS|WRDUSA|USD|214.5|-0.02%|04.04.2019
JPM Equity - EUR Hedged (acc)|JLSE|EUR|21.4|-0.02%|02.04.2019
WisdomTree JP EQ USD HDG Acc|DXJA|USD|17.11|-0.02%|28.12.2018
UBSETF USA QUALITY H-EUR ACC|UQLTE|EUR|20.92|-0.02%|03.04.2019
UBSETF MSCI USA SRI H-CHF ACC|USSRS|CHF|16.006|-0.02%|27.03.2019
UBSETF IBOXX GER 1-3 EUR DIS|GS1EUA|EUR|78.17|-0.03%|02.04.2019
WisdomTree Japan Equity|DXJ|USD|15.542|-0.03%|25.03.2019
UBSETF MSCI EM SRI USD DIS|MSRUSA|USD|13.614|-0.03%|04.04.2019
HSBC MSCI EUROPE UCITS ETF|HMEU|EUR|13.318|-0.03%|19.03.2019
JPM Equity - GBP Hedged (acc)|JLSP|GBP|19.584|-0.03%|03.04.2019
UBSETF CMCI COMP SF USD ACC|CCUSAS|USD|64.81|-0.03%|04.04.2019
LYX $ Floating Rate MH CHF DIS|FLOTH|CHF|95.64|-0.03%|04.04.2019
UBSETF MSCI EMU SRI EUR DIS|ESREUA|EUR|94.34|-0.03%|04.04.2019
iSh $ TreasBnd 20+ USD Dis|IDTL|USD|4.649|-0.03%|04.04.2019
UBSETF USD EM SOVER H-EUR ACC|SBEME|EUR|12.386|-0.03%|04.04.2019
iSh MSCI Wlrd USD Dis|IWRD|USD|45.685|-0.03%|04.04.2019
UBSETF MSCI UK H-CHF ACC|UKCHBH|CHF|17.54|-0.03%|04.04.2019
GAM PHYSICAL GOLD (CHF) A|JBGOCA|CHF|1164.6|-0.03%|04.04.2019
BNPP Easy Moment EU UCITS ETF|MOED|EUR|113.32|-0.04%|28.02.2018
Invesco FTSE RAFI EURO MID|PWD|CHF|16.938|-0.04%|13.04.2018
UBSETF SUST DEV BANK USD ACC|MDBUA|USD|11.072|-0.04%|04.04.2019
LYX EMTS 5-7Y Inv Gd ACC TH|LYMTC|EUR|163.18|-0.04%|04.04.2019
iSh FTSE MIB EUR Acc|CSMIB|EUR|81.03|-0.04%|27.03.2019
UBSETF US LIQ CORP H-GBP DIS|CBUSH|GBP|16.116|-0.04%|28.03.2019
UBSETF MSCI WORLD USD DIS|WRDUSY|CHF|53.67|-0.04%|29.03.2019
X SP EW DR|XDEW|USD|53.35|-0.04%|03.04.2019
Frk Lib IG Corp Bond UCITS ETF|FLUC|USD|25.985|-0.04%|20.02.2019
LYX MTS 3-5Y Inv Gr(DR) ACC TH|LYMTB|EUR|153.32|-0.04%|03.04.2019
ComStage ShortDAX TR|CBDAXS|CHF|25.445|-0.04%|21.03.2019
iSh Glob GovBnd USD Acc|IGLA|USD|5.083|-0.04%|02.04.2019
Invesco EQQQ UCITS ETF GBP Hdg|EQGB|GBP|152.02|-0.04%|04.03.2019
iSh MSCI EM Asia USD Acc|CSEMAS|USD|150.2|-0.04%|04.04.2019
iSh MSCI USA SRI USD Acc|SUAS|USD|7.43|-0.04%|03.04.2019
UBSETF MSCI SWI 20/35 H-USD AC|S2USBH|USD|24.62|-0.04%|04.04.2019
X MSCI USA 3C CHF|XD9C|CHF|73.48|-0.04%|04.04.2019
iSh MSCI EastEur Cppd USD Dis|IEER|USD|24.45|-0.04%|04.04.2019
iSh MSCI Japan EUR-H Acc|IJPE|EUR|47.32|-0.04%|02.04.2019
Lyxor Japan (TOPIX) (DR)|JPNC|CHF|141.08|-0.04%|03.04.2019
LYX ETF DJ INDUS AVERAGE DIS|DJE|EUR|233.3|-0.04%|04.04.2019
iSh Glob AAA-AA GovBnd USD Dis|IAAA|USD|92.75|-0.04%|29.03.2019
LYX SMI DAILY DBLE SHORT ACC|LYSSL|CHF|6.873|-0.04%|04.04.2019
UBSETF MSCI SWI 20/35 CHF DIS|SW2CHA|CHF|18.264|-0.04%|04.04.2019
iSh Edg MSCI EuropQual EUR Acc|IEQU|EUR|6.633|-0.05%|21.03.2019
UBSETF MSCI SWITZERL H-EUR DIS|SWEUAH|EUR|21.66|-0.05%|04.04.2019
AMUNDI MSCI EM MKTS UCITS ETF|AEEM|EUR|4.2525|-0.05%|01.04.2019
iSh $ TIPS USD Acc|ITPS|USD|208.35|-0.05%|04.04.2019
X MSCI NORDIC|XDN0|CHF|40.805|-0.05%|02.04.2019
UBSETF MSCI Wrld SFMix USD DIS|WOFM|USD|12.152|-0.05%|27.03.2019
iSh MSCI JP ESG-Sc USD Dis|SDJP|USD|4.838|-0.05%| 
UBSETF FAC USA TSYie H-EUR ACC|UTSYE|EUR|19.11|-0.05%|04.04.2019
UBSETF S&P 500 H-CHF ACC|SP500S|CHF|15.092|-0.05%|03.04.2019
HSBC MSCI EMERGING MARKETS ETF|HMEF|USD|10.998|-0.05%|27.03.2019
iSh Stx Europe50 EUR Dis|EUN|CHF|36.27|-0.06%|04.04.2019
Invesco Nasdaq Biotech ETF|SBIO|USD|36.175|-0.06%|04.04.2019
iSh MSCI JP SRI USD Acc|SUJP|USD|5.324|-0.06%|31.01.2019
UBSETF MSCI JAPAN JPY UKDIS|JPNUKD|JPY|1736|-0.06%|20.03.2019
BNPP Easy FTSE Dv Europe D H|EEEH|EUR|10.294|-0.06%| 
BNPP Easy FTSE Dv Europe D|EEEP|EUR|10.294|-0.06%|22.02.2019
UBSETF US LiCorp 1-5 H-CHF ACC|CBUS5S|CHF|13.614|-0.06%|04.04.2019
JPM EURCB1-5REI UCITS EUR acc|JR15|EUR|101.9|-0.06%|04.04.2019
UBSETF MSCI PACIFI SRI USD DIS|PSRUSA|CHF|67.11|-0.06%|03.04.2019
iSh Edg MSCI EuropSize EUR Acc|IESZ|EUR|6.541|-0.06%|20.02.2019
AMUNDI MSCI SWITZERLAND ETF|CSWCHF|CHF|320.45|-0.06%|04.04.2019
BNPP Easy Low Vol EU UCITS ETF|EVOE|EUR|125.8|-0.06%|06.11.2018
iSh Gold (CH) USD|CSGOLD|USD|125.02|-0.06%|04.04.2019
Lyxor MSCI Korea - Acc|LYKRW|USD|61.1|-0.07%|29.03.2019
ComStage PSI 20|CBPSI|EUR|6.049|-0.07%|21.02.2019
UBSETF GLOBAL GENDER H-CHF DIS|GENDET|CHF|11.956|-0.07%|01.04.2019
Invesco EQQQ UCITS ETF CHF Hdg|EQCH|CHF|148.18|-0.07%|04.04.2019
UBSETF MSCI USA SFMi H-CHF ACC|USMUFS|CHF|14.732|-0.07%|04.04.2019
UBSETF MSCI ACWI ESG H-GBP ACC|AWESGG|GBP|11.764|-0.07%|03.04.2019
iSh Core FTSE 100 GBP Acc|CSUKX|GBP|117.26|-0.07%|04.04.2019
Lyxor MSCI Canada - D-EUR|LYTSX|USD|71.94|-0.07%|25.02.2019
Ly FTSE EPRA/NAREIT US - EUR|LYMUE|CHF|55.97|-0.07%| 
LYX MSCI EMU Value (DR) DIS TH|EMV|EUR|111.44|-0.07%|04.04.2019
UBSETF SMI CHF DIS|SMICHA|CHF|97.24|-0.07%|04.04.2019
UBSETF SUST DEV BANK USD DIS|MDBU|USD|11.03|-0.07%|28.03.2019
iSh EM Infrastr USD Dis|IEMI|USD|20.365|-0.07%|03.04.2019
UBSETF CMCI COMP SF CHF ACC|CCCHA|CHF|54.25|-0.07%|04.04.2019
iSh APAC Dividend USD Dis|IAPD|USD|27.025|-0.07%|04.04.2019
UBSETF BBG TIPS 1-10 H-EUR ACC|TIP1E|EUR|10.734|-0.07%|04.04.2019
SPDR FTSE UK All Share (Dist)|FTAD|CHF|6.486|-0.08%|30.01.2019
UBSETF S&P 500 H-GBP DIS|SP500H|GBP|15.558|-0.08%|14.03.2019
iSh ? CorpBnd LrgCap EUR Dis|IBCX|CHF|153.2|-0.08%|04.04.2019
iSh Stx Eur600 BasRes EUR Dis|SXPPEX|EUR|50.91|-0.08%|26.03.2019
X SWITZERLAND|XSMI|CHF|101.32|-0.08%|04.04.2019
X(IE) MSCI EM|XMME|CHF|49.855|-0.08%|04.04.2019
LYXOR ETF WORLD MATERIALS|LYMATW|USD|373.8|-0.08%|04.04.2019
BNPP Easy Low Carbon Europe|LCEU|EUR|171.52|-0.08%|04.04.2019
SPDR US TIPS|TIPS|USD|30.48|-0.08%|01.04.2019
UBSETF BBG TIPS 1-10 USD DIS|TIP1D|USD|12.068|-0.08%|04.04.2019
iSh Core GBP CorpBnd GBP Dis|SLXX|GBP|144.64|-0.08%|04.04.2019
ComStage STOXX OIL&GAS|CBOIL|CHF|94.37|-0.08%|01.04.2019
UBSETF MSCI JAPAN H-CHF ACC|JPCHBH|CHF|14.076|-0.09%|04.04.2019
AMUNDI MSCI WLD EX EUR ETF|CE8USD|USD|334.55|-0.09%|08.03.2019
Frk LQ Glbl Eqty SRI UCITS ETF|FLXG|USD|27.79|-0.09%| 
JPM EUR UltSht Inc UCITS ETF|JEST|EUR|99.87|-0.09%|03.04.2019
Invesco MSCI Europe ETF|MXEU|EUR|221.6|-0.09%|02.04.2019
iSh JPM $ EM Bnd USD Dis|IEMB|USD|109.64|-0.09%|04.04.2019
iSh MSCI JP SRI USD Dis|SUJD|USD|4.9105|-0.09%|21.03.2019
UBSETF DJ Glob Sel Div USD DIS|GLDVD|USD|9.79|-0.09%|03.04.2019
SPDR MULTIASSET GLOBAL INFRA|MAGI|CHF|32.47|-0.09%|27.03.2019
ComStage S&P 500|CBSP50|USD|324.45|-0.09%|04.04.2019
iSh Nikkei 225 JPY Acc|CSNKY|JPY|20469|-0.09%|04.04.2019
iSh MSCI Wrld SRI USD Dis|SUWS|USD|5.384|-0.09%|28.01.2019
JPM EREI UCITS|JREE|EUR|26.84|-0.09%|22.03.2019
Invesco S&P 500 UCITS ETF Dist|SPXD|USD|26.79|-0.09%|03.04.2019
iSh MSCI USA ESG-Sc USD Acc|SASU|USD|5.247|-0.10%|09.01.2019
iSh MSCI USA ESG-Sc USD Dis|SDUS|USD|5.241|-0.10%|13.03.2019
Invesco Financial S&P US Sect|XLFS|USD|186.26|-0.10%|04.04.2019
iSh MSCI Wrld ESG-Sc USD Acc|SAWD|USD|5.172|-0.10%|21.03.2019
ComStage MSCI PACIFIC|CBMP|CHF|59.43|-0.10%|03.04.2019
iSh Glob HY CorpBnd CHF-H Dis|GHYC|CHF|88.87|-0.10%|04.04.2019
X GS D100 SW|XGSD|CHF|33.59|-0.10%|04.04.2019
UBSETF MSCI ACWI SF H-USD ACC|ACWIU|USD|132.5|-0.11%|04.04.2019
LYX ETF S&P 500 DH CHF ACC|LYSPH|CHF|132.24|-0.11%|03.04.2019
SPDR MSCI ACWI|ACWI|CHF|131.9|-0.11%|04.04.2019
iSh CH GovBnd 1-3 (CH) CHF Dis|CSBGC3|CHF|74.89|-0.11%|04.04.2019
AMUNDI JPX NIK 400 HCHF ETF|JPHC|CHF|74.11|-0.11%|01.04.2019
UBSETF MSCI USA USD DIS|USAUSA|USD|276.25|-0.11%|04.04.2019
Vanguard FTSE AW HiDiv Yld ETF|VHYL|CHF|55.12|-0.11%|04.04.2019
UBSETF MSCI EUROPE EUR DIS|EUREUA|EUR|64.09|-0.11%|04.04.2019
UBSETF BBG TIPS 1-10 USD ACC|TIP1A|USD|12.632|-0.11%|04.04.2019
Lyx iBoxx $ Treasuries 10Y+ MH|LUS10H|EUR|98|-0.11%|04.04.2019
iSh FTSEurofirst 100 EUR Dis|IEUT|CHF|31.005|-0.11%|04.04.2019
AMUNDI E EUR EX RUS UCITS ETF|CE9E|EUR|309.9|-0.11%|19.03.2019
X(IE) MSCI W|XDWD|USD|61.86|-0.11%|04.04.2019
UBSETF MSCI UK GBP UKDIS|UKUKD|GBP|12.356|-0.11%|04.04.2019
iSh JPX-Nikkei 400 EUR-H Acc|NK4E|EUR|5.283|-0.11%|04.03.2019
UBSETF MSCI World SRI USD ACC|WSRUS|USD|17.49|-0.11%|20.03.2019
SPDR EMD local|EMDL|CHF|69.61|-0.11%|04.04.2019
UBSETF US LIQ CORP H-GBP DIS|CBSUSH|GBP|10.414|-0.12%|04.04.2019
iSh Stx Eur600 Oil&Gas EUR Dis|SXEPEX|EUR|34.65|-0.12%|04.04.2019
X(IE) S&P 500 CHF H|XDPC|CHF|30.09|-0.12%|03.04.2019
Nomura NK225 USD Hedged ETF|NXKU|USD|135.96|-0.12%|27.02.2019
iSh Core MSCI Jpn IMI USD Dis|SJPD|USD|5.056|-0.12%|29.03.2019
iSh Nasdaq US Biotech USD Acc|BTEC|USD|5.051|-0.12%|01.04.2019
Invesco MSCI Emerging Mkts|MXFS|USD|46.225|-0.12%|22.03.2019
LYX ETF WORLD WATER DIS|LYWAT|EUR|37.52|-0.12%|04.04.2019
iSh MSCI Wrld SRI EUR Acc|SUSW|EUR|5.829|-0.12%|01.04.2019
UBSETF MSCI USA USD UKDIS|USAUK|USD|14.942|-0.12%|03.04.2019
iSh Core MSCI EM IMI USD Acc|EIMI|USD|28.85|-0.12%|04.04.2019
BNPP Easy LowVol US UCITS ETF|VLUU|USD|128.04|-0.12%| 
iSh S&P500 EUR-H Acc|IUSE|EUR|63.95|-0.12%|04.04.2019
Nomura NK225 EUR Hedged ETF|NXKE|EUR|127.44|-0.13%|26.03.2019
AMUNDI JPX NIK 400 EUR ETF|JPNK|EUR|127.08|-0.13%|07.02.2019
UBSETF MSCI EM SF USD ACC|EGUSAS|USD|46.77|-0.13%|04.04.2019
iSh Edg MSCI USAQual USD Acc|IUQA|USD|6.992|-0.13%|21.02.2019
X2 GI-LBd CHF H|XG7G|CHF|107.7|-0.13%|04.04.2019
X2 GLOB AGG SW|XBAG|USD|45.945|-0.13%|03.04.2019
X2 GLOB AGG SW $ H|XBAU|USD|52.97|-0.13%|04.04.2019
iSh Core SPI (CH) CHF Dis|CHSPI|CHF|120.04|-0.13%|04.04.2019
Lyxor MSCI EMERGING MARKETS|LYLEM|USD|11.992|-0.13%|04.04.2019
Invesco HlthCare S&P US Sector|XLVS|USD|410.7|-0.13%|04.04.2019
UBSETF MSCI USA H-GBP DIS|USGBPD|GBP|11.81|-0.14%|02.04.2019
ZKB Gold ETF hedged (GBP)|ZGLDHG|GBP|737.4|-0.14%|04.04.2019
UBSETF MSCI USA H-EUR DIS|USEUYH|EUR|22.02|-0.14%|04.04.2019
UBSETF MSCI JAPAN H-EUR DIS|JPEUAH|EUR|18.874|-0.14%|04.04.2019
PIMCO SHORT HIGH YLD SRC ETF|STHY|USD|100.76|-0.14%|04.04.2019
iSh Core DAX EUR Acc|DAXEX|CHF|115.1|-0.14%|04.04.2019
iSh China LrgCap USD Dis|FXC|USD|129.46|-0.14%|04.04.2019
iSh MSCI EMU MC EUR Acc|EMUM|EUR|39.21|-0.14%|04.04.2019
iSh UK Property GBP Dis|IUKP|CHF|7.796|-0.14%|02.04.2019
SPDR FTSE EPRA Eur x-UK RE ETF|EURE|EUR|31.885|-0.14%|22.03.2019
UBSETF CMCI OIL CHF DIS|OILCHA|CHF|27.94|-0.14%|04.04.2019
UBSETF MSCI USA USD UKDIS|USAUKD|USD|24.38|-0.14%|14.02.2019
AMUNDI TOPIX EUR ETF|TPXE|EUR|76.42|-0.14%|18.03.2019
ZKB Gold ETF hedged (EUR)|ZGLDHE|EUR|763.8|-0.14%|04.04.2019
UBSETF MSCI UK H-USD ACC|UKUSBH|USD|15.254|-0.14%|04.04.2019
iSh Edg MSCI Wrld Mom USD Acc|IWMO|USD|41.2|-0.15%|04.04.2019
UBSETF GOLD H-CHF DIS|AUCHAH|CHF|109.48|-0.15%|04.04.2019
iSh Core FTSE 100 GBP Dis|ISF|CHF|9.569|-0.15%|04.04.2019
HSBC MSCI EUROPE UCITS ETF|HMEU|USD|14.944|-0.15%|21.02.2019
UBSETF MSCI USA H-EUR ACC|USEUWH|EUR|23.56|-0.15%|04.04.2019
iSh CH GovBnd 3-7 (CH) CHF Dis|CSBGC7|CHF|87.46|-0.15%|04.04.2019
ComStage MSCI WORLD|CBMWOR|USD|60.33|-0.15%|01.04.2019
AMUNDI JPX NIK 400 HUSD ETF|JPHU|USD|160.42|-0.15%|01.02.2019
UBSETF USD EM SOVER H-CHF ACC|SBEMS|CHF|12|-0.15%|04.04.2019
iSh Gold (CH) CHF-H|CSGLDC|CHF|106.28|-0.15%|04.04.2019
UBSETF MSCI EMU DEFENS EUR DIS|EUDEF|EUR|23.135|-0.15%|04.04.2019
ComStage NASDAQ 100|CBNDX|CHF|79.08|-0.15%|03.04.2019
Vanguard FTSE All-Wrld ETF|VWRL|CHF|85.17|-0.15%|04.04.2019
HSBC MSCI CANADA UCITS ETF|HCAN|USD|16.932|-0.15%|06.03.2019
iSh MSCI Wrld CHF-H Acc|IWDC|CHF|45.485|-0.15%|04.04.2019
Invesco S&P 500 ETF Acc|SPXS|USD|518.3|-0.15%|04.04.2019
iSh MSCI Japan USD Acc|CSJP|JPY|16195|-0.15%|04.04.2019
UBSETF MSCI SWITZE SRI CHF DIS|CHSRI|CHF|12.896|-0.15%|04.04.2019
iSh MSCI JP ESG-Sc USD Acc|SAJP|USD|4.8305|-0.16%|20.03.2019
UBSETF MSCI EMU SRI H-CHF DIS|EUSRT|CHF|16.72|-0.16%|04.04.2019
ComStage MSCI USA|CBUSA|USD|76.39|-0.16%|15.02.2019
ComStage STOXX TECHNOLOGY|CBTECH|EUR|69.44|-0.16%|18.10.2018
ZKB Gold ETF hedged (CHF)|ZGLDHC|CHF|345.6|-0.16%|04.04.2019
iSh Edg MSCI Wrld MinVol Acc|MVOL|CHF|47.1|-0.16%|04.04.2019
UBSETF SBI DOM GOV 3-7 CHF DIS|SB3CHA|CHF|112.6|-0.16%|04.04.2019
AMUNDI TOPIX USD HDG ETF|TPHU|USD|62.49|-0.16%|02.04.2019
Fidelity US Qual Inc GBP-H|FUSP|GBP|5.593|-0.16%|15.03.2019
Lyxor MSCI AC APEJ - Acc|LYAEJ|USD|62.1|-0.16%|19.03.2019
UBSETF FAC US LO VOL USD DIS|ULOVD|USD|21.59|-0.16%|04.04.2019
Fidelity US Qual Inc EUR-H|FUSU|EUR|5.522|-0.16%|15.03.2019
LYXOR ETF WORLD CONSUMER STAPL|LYCOSW|USD|336.3|-0.16%|29.03.2019
BNPP Easy Quality EU UCITS ETF|EQUA|EUR|121.56|-0.16%|20.02.2019
ComStage STOXX REAL ESTATE|CBHOUS|EUR|30.375|-0.16%|04.01.2019
SPDR Gbl Agg EUR Hdg|GLAE|EUR|30.225|-0.17%|25.03.2019
ComStage NIKKEI 225|CBNKY|JPY|2401|-0.17%|01.04.2019
ZKB Silver ETF - A (CHF)|ZSIL|CHF|44.875|-0.17%|04.04.2019
iSh Automate&Robot USD Dis|RBOD|USD|5.355|-0.17%|04.04.2019
AMUNDI JPX NIK 400 HGBP ETF|JPHG|GBP|154.5|-0.17%|21.03.2019
ZKB Palladium ETF - CHF|ZPAL|CHF|415.6|-0.17%|04.04.2019
HSBC MSCI JAPAN UCITS ETF|HMJP|JPY|3551|-0.17%|14.03.2019
ESG MSCI Japan UCITS ETF|XZMJ|USD|16.468|-0.17%|04.04.2019
X(IE) MSCI W|XDWL|CHF|58.6|-0.17%|04.04.2019
AMUNDI JPX NIK 400 HEUR ETF|JPHE|EUR|152.02|-0.17%|14.01.2019
BNPP Easy FTSE EPRA Eurozone C|EEEA|EUR|10.524|-0.17%|24.08.2018
iSh MSCI EMU SmC EUR Acc|CSEMUS|EUR|196.84|-0.17%|04.04.2019
Frk LQ Global Div UCITS ETF|FLXX|USD|25.96|-0.17%|20.07.2018
UBSETF MSCI SWITZERL CHF DIS|SWICHA|CHF|17.292|-0.17%|04.04.2019
UBSETF FTSE 100 GBP DIS|100GBA|GBP|68.88|-0.17%|04.04.2019
UBSETF MSCI EMU CYCLI EUR DIS|EUCYC|EUR|22.805|-0.18%|04.04.2019
X NIKKEI 225|XNJP|JPY|2264|-0.18%|03.04.2019
UBSETF MSCI JAPAN SRI JPY DIS|JPSR|JPY|2261|-0.18%|04.04.2019
AMUNDI TOPIX JPY ETF|TPXY|JPY|9568|-0.18%|02.04.2019
AMUNDI MSCI WORLD UCITS ETF|CW8E|EUR|278.55|-0.18%|04.04.2019
iSh MSCI Japan SmC USD Dis|ISJP|JPY|4356|-0.18%|03.04.2019
ComStage MSCI NORTH AMERICA|CBMNA|USD|80.59|-0.19%|27.03.2019
Lyxor MSCI World UCITS ETF|WLDHE|EUR|127.7|-0.19%|11.02.2019
AMUNDI TOPIX EUR HDG ETF|TPXH|EUR|212.8|-0.19%|15.02.2019
UBSETF MSCI ACWI SF H-CHF UKDI|ACCUKD|CHF|116.72|-0.19%|04.04.2019
Lyxor MSCI World UCITS ETF|WLDHU|USD|137.92|-0.19%|30.01.2019
HSBC MSCI CHINA UCITS ETF|HMCH|USD|8.487|-0.19%|04.04.2019
AMUNDI JPX NIK 400 JPY ETF|JPNY|JPY|15905|-0.19%|21.03.2019
iSh Glob Infl-L GovBnd USD Acc|IGIL|USD|158.76|-0.19%|03.04.2019
UBSETF MSCI USA H-CHF ACC|USCHWH|CHF|23.75|-0.19%|04.04.2019
Frk LQ US Equity UCITS ETF|FLXU|USD|31.355|-0.19%|21.01.2019
SPDR S&P US Comms Serv ETF|SXLC|USD|19.83|-0.19%|04.04.2019
iSh Core S&P500 USD Dis|IUSA|USD|28.65|-0.19%|04.04.2019
Lyxor MSCI ACWI Gold - C-EUR|GLDU|USD|62.07|-0.19%|20.03.2019
UBSETF MSCI EMU SFMix USD DIS|EUFM|EUR|9.212|-0.20%|04.04.2019
Fidelity US Qual Income-Inc|FUSD|USD|6.139|-0.20%|13.11.2018
iSh Core MSCI Wrld GBP-H Dis|IWDG|GBP|5.615|-0.20%|05.02.2019
iSh Listed Priv Eq USD Dis|IPRV|USD|20.34|-0.20%|04.04.2019
JPM GREI UCITS|JREG|USD|25.29|-0.20%|13.03.2019
LYX JPXNIKKEI400 DHCHF ACC TH|JPXC|CHF|96|-0.20%|29.03.2019
UBSETF MSCI UK H-EUR ACC|UKEUBH|EUR|19.072|-0.20%|04.04.2019
Invesco FTSE RAFI Emerging|PEHH|USD|8.99|-0.20%|19.03.2019
ComStage STOXX FOOD&BEV|CBFOOD|CHF|148.58|-0.20%|03.04.2019
X MSCI USA SW|XMUS|USD|78.08|-0.20%|04.04.2019
AMUNDI TOPIX GBP HDG ETF|TPHG|GBP|58.51|-0.20%|14.01.2019
ComStage MSCI JAPAN|CBMJ|USD|58.45|-0.20%|22.03.2019
iSh Glob Timber&For USD Dis|WOOD|USD|24.15|-0.21%|04.04.2019
UBSETF GOLD USD DIS|AUUSI|USD|125.54|-0.21%|04.04.2019
AMUNDI TOPIX CHF HDG ETF|TPHC|CHF|57.85|-0.21%|21.03.2019
iSh Stx Europe50 (DE) EUR Dis|DJSXP|EUR|31.325|-0.21%|04.04.2019
BNPP S&P500 $ C|ESD|USD|10.58|-0.21%|28.03.2019
AMUNDI MSCI USA UCITS ETF|CU2E|EUR|311.6|-0.21%|02.04.2019
OSSIAM Shiller CAPE US EUR|CAPU|EUR|619.4|-0.21%|21.03.2019
ZKB GOLD ETF (USD)|ZGLDUS|USD|1235.8|-0.21%|04.04.2019
iSh MSCI Korea USD Dis|IKOR|USD|42.66|-0.21%|04.04.2019
UBSETF MSCI ACWI SF H-CHF ACC|ACWIS|CHF|122.18|-0.21%|04.04.2019
SPDR S&P 500 EUR Hdg (Acc)|SPXE|EUR|7.46|-0.21%| 
UBSETF BBG COMM INDEX CHF ACC|DCCHAS|CHF|41.91|-0.21%|04.04.2019
JPM USREI UCITS|JREU|USD|25.56|-0.21%|08.03.2019
UBSETF MSCI USA USD DIS|USAUSY|USD|69.66|-0.21%|04.04.2019
iSh Glob CorpBnd EUR-H Dis|CRPH|EUR|102.14|-0.21%|04.04.2019
BNPP Easy FTSE EPRA Eurozone D|EEEG|EUR|10.204|-0.22%|30.01.2019
iSh Edg MSCI Wrld Qual USD Acc|IWQU|USD|36.645|-0.22%|04.04.2019
Nomura JPXNK400 NTR EUR Hedged|NJXE|EUR|100.7|-0.22%|20.08.2018
UBSETF MSCI EM USD ACC|EMMUSC|USD|10.024|-0.22%|04.04.2019
UBSETF MSCI SWITZERL H-USD DIS|SWUSAH|USD|19.08|-0.22%|04.04.2019
iSh Edg MSCI Wrld MV CHF-H Acc|MVSH|CHF|5.408|-0.22%|04.04.2019
Vanguard FTSE Japan ETF|VJPN|CHF|29.27|-0.22%|04.04.2019
Lyxor Privex ETF - Dist|LYPVX|EUR|8.097|-0.22%|04.04.2019
UBSETF MSCI PACIFI SRI USD DIS|PSRUSA|USD|67.09|-0.22%|04.04.2019
OSSIAM USMV EUR|SPMV|EUR|187.76|-0.22%|06.02.2019
AMUNDI MSCI WORLD ETF|CW8USD|USD|312.7|-0.22%|18.03.2019
UBSETF GLOBAL GENDER USD ACC|GENDER|USD|12.442|-0.22%|03.04.2019
SPDR S&P 500 Low Volatility|LOWV|CHF|53.2|-0.23%|21.03.2019
Nomura JPXNK400 NTR USD Hedged|NJXU|USD|106.2|-0.23%|19.04.2018
UBSETF S&P 500 USD DIS|SP5USY|USD|46.31|-0.23%|04.04.2019
iSh MSCI Wrld EUR-H Acc|IWDE|EUR|52.23|-0.23%|02.04.2019
AMUNDI MSCI EAST EUR ETF|CE9USD|USD|346.4|-0.23%|20.03.2019
UBSETF MSCI ACWI H-JPY ACC|ACWIJ|JPY|1291|-0.23%|04.04.2019
iSh AEX EUR Dis|IAEX|EUR|55.86|-0.23%|04.04.2019
UBSETF MSCI World SRI USD DIS|WSRUSA|USD|94.29|-0.23%|04.04.2019
UBSETF MSCI UK GBP ACC|UKGBPB|GBP|23.555|-0.23%|04.04.2019
AMUNDI WLD EX EUR UCITS ETF|CE8E|EUR|298|-0.23%|03.04.2019
ComStage STOXX HEALTH CARE|CBHECA|CHF|152.1|-0.24%|25.02.2019
OSSIAM USMV US|MVUS|USD|210.65|-0.24%|01.03.2019
UBSETF MSCI SWI 20/35 HGBP ACC|S2HGBA|GBP|17.534|-0.24%|04.04.2019
UBSETF MSCI CANADA H-USD DIS|CAHUSA|USD|20.69|-0.24%|04.04.2019
iSh MSCI USA SRI USD Dis|SRIL|USD|5.367|-0.24%|19.02.2019
ComStage ShortDAX TR|CBDAXS|EUR|22.69|-0.24%|25.03.2019
ComStage MSCI EM EAST EUROPE|CBMEE|CHF|41.155|-0.24%|20.02.2019
UBSETF MSCI EM USD DIS|EMMUSA|USD|106.7|-0.24%|04.04.2019
iSh JPM $ EM Bnd EUR-H Dis|EMBE|EUR|93.7|-0.24%|03.04.2019
BNPP Easy Moment EU UCITS ETF|EMOM|EUR|122.06|-0.25%|08.03.2019
Invesco Technol S&P US Sector|XLKS|USD|185.22|-0.25%|04.04.2019
iSh BRIC 50 USD Dis|BRIC|USD|32.02|-0.25%|03.04.2019
UBSETF MSCI EMU H-GBP ACC|EUGBPA|GBP|10.4|-0.25%|04.04.2019
iSh MSCI TarUS RealEs USD Dis|USRE|USD|25.74|-0.25%|26.03.2019
ESG MSCI World UCITS ETF|XZW0|USD|21.605|-0.25%|03.04.2019
X(IE) USA Cons|XUCS|USD|31.38|-0.25%|22.02.2019
GAM PHYSICAL GOLD (CHF) AX|JBGOCX|CHF|1167.6|-0.26%|04.04.2019
Raif Solid Gold Ounces A-CHF|RGLDO|CHF|1245|-0.26%|04.04.2019
UBSETF MSCI ACWI SF H-EUR ACC|ACWIE|EUR|124.32|-0.26%|04.04.2019
iSh MSCI EM SmC USD Dis|IEMS|USD|65.93|-0.26%|04.04.2019
iSh MSCI Japan USD Dis|IJPN|JPY|1551|-0.26%|03.04.2019
ComStage STOXX OIL&GAS|CBOIL|EUR|84.12|-0.26%|30.10.2018
Invesco MSCI USA ETF|MXUS|USD|76.21|-0.26%|12.03.2019
UBSETF MSCI ACWI SRI H-CHF ACC|AWSRIS|CHF|9.145|-0.26%|04.04.2019
X MSCI JAPAN $ H|XMUJ|USD|22.7|-0.26%|04.04.2019
Invesco MSCI World ETF|MXWO|USD|60.46|-0.26%|12.02.2019
Invesco Con Stap S&P US Sector|XLPS|USD|395.65|-0.26%|03.04.2019
Lyxor Japan (TOPIX) (DR)|JPNH|EUR|127.56|-0.27%|21.03.2019
iSh FTSE 250 GBP Dis|MIDD|CHF|24.375|-0.27%|28.03.2019
UBSETF SXI RE FUNDS CHF DIS|SRECHA|CHF|59.29|-0.27%|04.04.2019
LYXOR ETF WORLD FINANCIALS|LYFINW|USD|177.76|-0.27%|04.04.2019
iSh MSCI USA USD Acc|CSUS|USD|274.25|-0.27%|04.04.2019
BNPP S&P500 $ CD|ESDD|USD|10.136|-0.28%|28.03.2019
Invesco GS Equity Factor World|EFIW|USD|149.42|-0.28%|29.01.2019
Fidelity US Qual Income-Acc|FUSC|USD|6.384|-0.28%|01.03.2019
LYX ETF MSCI WORLD DIS|LYWLD|USD|211.95|-0.28%|02.04.2019
UBSETF MSCI ACWI SF H-GBP UKDI|ACGUKD|GBP|131.94|-0.29%|04.04.2019
UBSETF MSCI JAPAN H-USD ACC|JPUSBH|USD|24.295|-0.29%|04.04.2019
HSBC MSCI USA UCITS ETF|HMUS|USD|27.535|-0.29%|27.03.2019
UBSETF MSCI CANADA H-EUR ACC|CAHEUA|EUR|17.188|-0.29%|04.04.2019
UBSETF MSCI UK IMI SR GBP DIS|UKSR|CHF|20.61|-0.29%|03.04.2019
ComStage MSCI PACIFIC EX JAPAN|CBMPJ|CHF|61.75|-0.29%|26.02.2019
UBSETF MSCI USA SRI USD DIS|ASRUSA|USD|116.28|-0.29%|04.04.2019
ComStage MDAX|CBMDAX|EUR|23.805|-0.29%|03.04.2019
UBSETF MSCI JAPAN H-EUR ACC|JPEUBH|EUR|20.125|-0.30%|04.04.2019
HSBC MSCI JAPAN UCITS ETF|HMJP|USD|31.81|-0.30%|04.04.2019
UBSETF MSCI ACWI SF USD ACC|ACWIA|USD|106.56|-0.30%|04.04.2019
X(IE) USA Hlth|XUHC|USD|36.57|-0.30%|26.03.2019
Raif Solid Gold Ounces A-USD|RGLDOU|USD|1260|-0.30%|04.04.2019
UBSETF MSCI CANADA CAD ACC|CANA|CAD|16.492|-0.30%|04.04.2019
BNPP S&P500 ? C|ESE|EUR|11.802|-0.30%|03.04.2019
iSh MSCI EM USD Acc|SEMA|USD|34.275|-0.31%|04.04.2019
AMUNDI MSCI INDIA ETF|CI2USD|USD|616.7|-0.31%|29.03.2019
X MSCI JAPAN|XMJP|JPY|6473|-0.31%|04.04.2019
X(IE) USA Inx|XD9U|USD|77.59|-0.31%|04.04.2019
EASYETF S&P GSCI TM COMMODITY|GSCID|USD|32.295|-0.31%|04.04.2019
OSSIAM USMV US-D|USMVD|USD|198.82|-0.31%|13.03.2019
iSh MSCI NorthAmer USD Dis|INAA|USD|53.83|-0.31%|04.04.2019
X(IE) MSCI WORLD £ H|XDWG|GBP|14.498|-0.32%|04.04.2019
iSh S&P500 CHF-H Acc|IUSC|CHF|49.715|-0.32%|04.04.2019
iSh MSCI ACWI USD Acc|SSAC|USD|49.57|-0.32%|04.04.2019
SPDR MSCI World Ind ETF|WIND|USD|40.185|-0.32%|03.04.2019
Invesco S&P 500 ETF EUR Hdg|E500|EUR|23.155|-0.32%|26.03.2019
LYXOR ETF WORLD UTILITIES|LYUTLW|USD|245.75|-0.32%|15.03.2019
LYX ETF MSCI USA DIS|LYUSA|USD|276.1|-0.32%|02.04.2019
ComStage MSCI EM TRN|CBMEM|USD|47.44|-0.33%|04.04.2019
X MSCI WORLD SW|XMWO|USD|60.95|-0.33%|04.04.2019
UBSETF MSCI JAPAN JPY DIS|JPNJPA|JPY|4872|-0.33%|04.04.2019
AMUNDI MSCI USA ETF|CU2USD|USD|349.65|-0.33%|14.02.2019
UBSETF EU LiqCorSust H-CHF ACC|CBSEUS|CHF|13.942|-0.33%|04.04.2019
UBSETF GOLD H-EUR DIS|AUEUAH|EUR|78.3|-0.33%|04.04.2019
Ly FTSE EPRA/NAREIT US - USD|LYMUA|USD|22.41|-0.33%|26.03.2019
iSh Core MSCI Wrld USD Acc|SWDA|USD|56.59|-0.33%|04.04.2019
iSh $ EM Bnd CHF-H Dis|EMBC|CHF|4.434|-0.34%|04.04.2019
Invesco GS Equity Factor Europ|EFIE|EUR|141.88|-0.34%|04.04.2019
UBSETF MSCI ACWI SF H-USD UKDI|ACUUKD|USD|135.42|-0.34%|04.04.2019
UBSETF SPI MID CHF DIS|SPMCHA|CHF|100|-0.34%|04.04.2019
iSh Core UK Gilts GBP Dis|IGLT|GBP|13.416|-0.34%|03.04.2019
Lyxor Robotics & AI|ROAI|CHF|20.36|-0.34%|03.04.2019
OSSIAM Shiller CAPE US H 1C|CAPH|EUR|576.8|-0.35%|04.04.2019
ComStage NYSE Arca Gold BUGS|CBGOLD|USD|16.638|-0.35%|04.04.2019
UBSETF MSCI USA H-GBP ACC|USGBPA|GBP|12.006|-0.35%|04.04.2019
PIMCO SHT TRM HIGH YLD CHF HDG|STHC|CHF|108.42|-0.35%|04.04.2019
Invesco HDLV UCITS ETF CHF Hdg|HDCH|CHF|25.645|-0.35%|05.03.2019
SPDR MSCI Europe Materials ETF|STPX|CHF|227.4|-0.35%|28.03.2019
Lyxor SG Global Quality Income|LYQI|USD|139.54|-0.36%|29.03.2019
iSh S&P500 ConsStaples USD Acc|IUCS|USD|5.297|-0.36%|11.03.2019
ZKB GOLD ETF (EUR)|ZGLDEU|EUR|1098.6|-0.36%|04.04.2019
UBSETF CMCI xAGRI SF H-CHF ACC|CCXAS|CHF|120.44|-0.36%|04.04.2019
SPDR MSCI World Con Stap ETF|WCOS|USD|34.185|-0.36%|04.04.2019
ESG MSCI USA UCITS ETF|XZMU|USD|27.15|-0.37%|18.03.2019
UBSETF MSCI WORLD USD DIS|WRDUSY|USD|53.69|-0.37%|03.04.2019
Vanguard FTSE AsiaPac xJpn ETF|VAPX|CHF|25.46|-0.37%|04.04.2019
SPDR FTSE UK All Share ETF|FTAL|CHF|66.87|-0.37%|03.04.2019
iSh Digital Security USD Acc|LOCK|USD|5.079|-0.37%|02.04.2019
UBSETF GLOBAL GENDER H-EUR ACC|GENDEE|EUR|14.388|-0.37%|04.04.2019
UBSETF MSCI USA USD ACC|USAUSW|USD|15.422|-0.37%|04.04.2019
iSh Core MSCI Jap IMI USD Acc|SJPA|JPY|4520|-0.37%|04.04.2019
UBSETF SMIM CHF DIS|SMMCHA|CHF|249.7|-0.38%|04.04.2019
UBSETF MSCI CANADA CAD DIS|CANCDA|CAD|41.665|-0.38%|04.04.2019
UBSETF S&P 500 H-EUR ACC|SP500E|EUR|14.502|-0.38%|04.04.2019
iSh Core S&P500 USD Acc|CSSPX|USD|282.1|-0.39%|04.04.2019
GAM PHYSICAL GOLD (USD) A|JBGOUA|USD|1230.2|-0.39%|04.04.2019
LY MSCI BRAZIL - ACC|LYRIO|USD|21.74|-0.39%|29.03.2019
UBSETF MSCI ASIA xJP SF USD AC|AJEUAS|USD|148.22|-0.39%|04.04.2019
iSh MSCI Wrld Islamic USD Dis|ISWD|USD|33.13|-0.39%|27.03.2019
Invesco US Energy MLP Acc|MLPS|USD|81.28|-0.39%|25.03.2019
iSh Ageing Pop USD Acc|AGED|USD|5.824|-0.39%|03.04.2019
ZKB Silver ETF - A (USD)|ZSILUS|USD|141.44|-0.39%|04.04.2019
ComStage CBK COMMODITY EW|CBCOMM|USD|105.42|-0.40%|04.04.2019
UBSETF US LiCorp 1-5 H-GBP DIS|CBUS5H|GBP|13.724|-0.41%|04.04.2019
iSh DJ Glob Sustain-Sc USD Acc|IGSG|USD|40.78|-0.42%|03.04.2019
ComStage NASDAQ 100|CBNDX|USD|79.16|-0.42%|04.04.2019
OSSIAM Shiller CAPE US USD|UCAP|USD|694.7|-0.42%|21.03.2019
UBSETF MSCI USA SF USD ACC|MUUSAS|USD|76.55|-0.42%|04.04.2019
iSh EM Loc GovBnd USD Dis|IEML|CHF|59.25|-0.42%|04.04.2019
HSBC FTSE 100 UCITS ETF|HUKX|USD|96.89|-0.42%|04.04.2019
iSh Health Innovate USD Acc|HEAL|USD|6.563|-0.42%|04.04.2019
iSh MSCI Australia USD Acc|SAUS|AUD|49.72|-0.43%|02.04.2019
SPDR MSCI Europe Health ETF|STWX|CHF|152.48|-0.43%|25.03.2019
UBSETF MSCI EMU S CAP EUR DIS|ESCEUA|EUR|96.1|-0.44%|04.04.2019
ZKB Silver ETF - H (CHF)|ZSILHC|CHF|35.355|-0.44%|04.04.2019
iSh MSCI Japan CHF-H Acc|IJPC|CHF|50.02|-0.44%|04.04.2019
LY MSCI RUSSIA - DIST|LYRUD|USD|24.925|-0.44%| 
UBSETF MSCI SWI 20/35 CHF ACC|SW2CHB|CHF|20.345|-0.44%|04.04.2019
L&G INFRA MLP|MLPI|CHF|5.411|-0.44%|01.04.2019
HSBC FTSE EPRA NAREIT DEV. ETF|HPRD|USD|24.76|-0.44%|18.03.2019
UBSETF MSCI PaciExJP USD UKDIS|PACUKD|USD|13.16|-0.45%|26.03.2019
AMUNDI MSCI WLD ENERGY ETF|CWEUSD|USD|317.2|-0.46%|09.11.2018
X SHORTDAX SW|XSDX|CHF|23.88|-0.46%|04.04.2019
Invesco S&P 500 HDLV|HDLV|USD|32.5|-0.46%|04.04.2019
HSBC MSCI WORLD UCITS ETF|HMWO|USD|21.405|-0.47%|04.04.2019
UBSETF US LiCorp 1-5 H-EUR ACC|CBUS5E|EUR|14.398|-0.47%|04.04.2019
ComStage EUSTOXX50 SHORT|CBSX5S|EUR|13.55|-0.47%|03.04.2019
ComStage MSCI PACIFIC|CBMP|USD|59.23|-0.47%|04.04.2019
SPDR MSCI World Hlth Care ETF|WHEA|USD|38.515|-0.48%|04.04.2019
ComStage MSCI PACIFIC EX JAPAN|CBMPJ|USD|61.8|-0.48%|15.10.2018
GAM Physical Gold (GBP) A|JBGOGA|GBP|715.5|-0.49%|04.04.2019
Raif Solid Gold A-USD|RGLDS|USD|3985.5|-0.49%|04.04.2019
iSh Digital Security USD Dis|SHLD|USD|5.848|-0.49%|01.04.2019
iSh MSCI Pac Ex-JP USD Dis|SPXJ|USD|45.89|-0.50%|04.04.2019
X MSCI EM SW|XMEM|USD|45.775|-0.50%|04.04.2019
UBSETF MSCI EM USD DIS|EMMUSA|CHF|106.02|-0.51%|04.04.2019
SPDR MSCI Europe Energy ETF|STNX|CHF|164.56|-0.51%|03.04.2019
UBSETF SBI AAA-BBB 5-10 CHF DI|SF5CHA|CHF|14.474|-0.51%|04.04.2019
iSh Edg MSCI USAMoment USD Acc|IUMO|USD|7.567|-0.51%|25.03.2019
iSh SMIM (CH) CHF Dis|CSSMIM|CHF|261.35|-0.51%|04.04.2019
UBSETF MSCI USA SFMi H-EUR ACC|USMUFE|EUR|15.08|-0.51%|04.04.2019
SPDR S&P US Health ETF|SXLV|USD|25.625|-0.52%|02.04.2019
HSBC MSCI RUSSIA CAPPED ETF|HRUB|USD|10.918|-0.53%|28.03.2019
ComStage MSCI EM EAST EUROPE|CBMEE|USD|41.17|-0.53%|01.02.2019
iSh Edg MSCI EurMoment EUR Acc|IEMO|EUR|6.532|-0.53%|04.04.2019
VanguardGlblMomentum|VMOM|CHF|32.48|-0.54%|03.04.2019
iSh MSCI USA Islamic USD Dis|ISUS|USD|44.3|-0.54%|28.03.2019
Invesco US Energy MLP Dist|MLPD|USD|52.66|-0.55%|02.04.2019
iSh DevMark PropYld USD Dis|IWDP|USD|27.23|-0.55%|04.04.2019
UBSETF MSCI JAPAN SRI H-CHF DI|JPSRT|CHF|17.272|-0.55%|04.04.2019
X MSCI BRAZIL|XMBR|USD|49.325|-0.55%|03.04.2019
ComStage STOXX HEALTH CARE|CBHECA|EUR|135.54|-0.56%|24.01.2019
Lyxor JAPAN TOPIX|LYJPN|JPY|15605|-0.57%|04.04.2019
iSh Digitalisation USD Acc|DGTL|USD|6.804|-0.57%|04.04.2019
AMUNDI MSCI INDIA UCITS ETF|CI2E|EUR|548.6|-0.58%|21.11.2018
HSBC MSCI PACIFIC EX JAPAN|HMXJ|USD|13.954|-0.58%|11.03.2019
Lyxor STOXX EU 600 Oil & Gas|LYOIL|EUR|46.575|-0.59%|22.03.2019
GAM Physical Silver (EUR) A|JBSIEA|EUR|8.189|-0.59%|04.04.2019
UBSETF SXI REAL ESTATE CHF DIS|SRFCHA|CHF|30.835|-0.60%|04.04.2019
iSh MSCI Japan USD-H Acc|IJPD|USD|34.95|-0.60%|04.04.2019
iSh MSCI Poland USD Acc|SPOL|USD|21.55|-0.60%|02.04.2019
SPDR MSCI World Energy ETF|WNRG|USD|33.845|-0.60%|01.04.2019
iSh MSCI EM SRI USD Acc|SUSM|USD|6.589|-0.60%|04.04.2019
iSh Automate&Robot USD Acc|RBOT|USD|7.724|-0.60%|04.04.2019
SPDR MSCI World Utilities ETF|WUTI|USD|37.33|-0.61%|27.02.2019
iSh S&P500 HealthCare USD Acc|IUHC|USD|6.645|-0.61%|02.04.2019
Invesco EQQQ UCITS ETF EUR Hdg|EQEU|EUR|148.72|-0.61%|18.03.2019
iSh UK Dividend GBP Dis|IUKD|CHF|10.42|-0.63%|04.04.2019
AMUNDI WORLD EN UCITS ETF|CWEE|EUR|282.65|-0.63%|11.03.2019
X MSCI PAC|XPXD|USD|62.66|-0.63%|15.02.2019
iSh Swiss Div (CH) CHF Dis|CHDVD|CHF|118.74|-0.64%|04.04.2019
iSh Nasdaq 100 USD Acc|CSNDX|USD|420.65|-0.64%|04.04.2019
X MSCI JAPAN CHF H|XMCJ|CHF|14.304|-0.64%|04.04.2019
LY MSCI RUSSIA - ACC|LYRUS|USD|41.435|-0.65%|03.04.2019
Raif Solid Gold Ounces H-CHF|RGLDOH|CHF|988.6|-0.65%|04.04.2019
ZKB Silver ETF - H (EUR)|ZSILHE|EUR|91.81|-0.66%|04.04.2019
UBSETF MSCI AUSTRALIA AUD ACC|AUSAUW|AUD|29.895|-0.66%|04.04.2019
IVZ EQQQ ACC UCITS ETF|EQAC|USD|125.1|-0.67%|02.04.2019
iSh Gold Producers USD Acc|IAUP|CHF|9.3|-0.67%|04.04.2019
UBSETF MSCI AUSTRALI H-GBP DIS|AUHGBD|GBP|13.28|-0.67%|18.02.2019
UBSETF MSCI JAPAN JPY ACC|JPNA|JPY|1891|-0.68%|04.04.2019
UBSETF MSCI AUSTRALI H-USD ACC|AUHUSA|USD|15.086|-0.68%|04.04.2019
UBSETF MSCI CANADA H-GBP ACC|CAHGBA|GBP|13.624|-0.69%|04.04.2019
Lyxor STOXX EU 600 Healthcare|LYHLT|EUR|93|-0.69%|04.04.2019
ZKB Silver ETF - A (EUR)|ZSILEU|EUR|125.22|-0.70%|04.04.2019
UBSETF MSCI PACIF ExJP USD DIS|PACUSA|USD|44.175|-0.71%|03.04.2019
UBSETF MSCI CANADA H-CHF ACC|CAHCHA|CHF|19.858|-0.71%|04.04.2019
SPDR S&P US Tech ETF|SXLK|USD|38.245|-0.73%|04.04.2019
iSh S&P500 Energy USD Acc|IUES|USD|5.278|-0.73%|02.04.2019
iSh Core MSCI Pac ex-J USD Acc|CSPXJ|USD|151.42|-0.75%|04.04.2019
UBSETF MSCI AUSTRALI H-GBP ACC|AUHGBA|GBP|15.01|-0.77%|04.04.2019
Lyxor Australia (S&P/ASX 200)|LYAU2|USD|46.44|-0.77%|13.03.2019
X NIFTY 50 SW|XNIF|USD|167.24|-0.77%|29.03.2019
X(IE) USA IT|XUTC|USD|34.54|-0.78%|21.03.2019
iSh Asia PropYld USD Dis|IASP|USD|30.005|-0.78%|04.04.2019
iSh Gold (CH) EUR-H|CSGLDE|EUR|75.19|-0.78%|04.04.2019
ComStage STOXX BA RESOURCES|CBBASI|EUR|103.82|-0.78%|26.03.2019
SPDR S&P US Utilities ETF|SXLU|USD|30.06|-0.79%|03.04.2019
Lyxor MSCI INDIA|LYINR|USD|19.504|-0.79%|04.04.2019
UBSETF MSCI AUSTRALIA AUD ACC|AUSAUW|CHF|21.16|-0.80%|04.04.2019
WT AI - USD ACC|WTAI|USD|29.12|-0.80%| 
iSh Glob Infrastr USD Dis|INFR|USD|28.485|-0.80%|04.04.2019
UBSETF EURO LIQ CORP EUR DIS|ECOEUA|EUR|103.58|-0.82%|04.04.2019
ComStage STOXX BA RESOURCES|CBBASI|CHF|116.52|-0.83%|03.04.2019
iSh S&P500 Utilities USD Acc|IUUS|USD|5.913|-0.84%|18.03.2019
SPDR MSCI World Technology ETF|WTEC|USD|56.52|-0.84%|03.04.2019
GAM Physical Silver (CHF) A|JBSICA|CHF|11.508|-0.84%|04.04.2019
UBSETF MSCI ACWI ESG H-CHF ACC|AWESGS|CHF|10.51|-0.85%|04.04.2019
UBSETF USA QUALITY H-CHF ACC|UQLTS|CHF|17.39|-0.86%|04.04.2019
Invesco EQQQ|EQQQ|USD|184|-0.86%|04.04.2019
UBSETF MSCI AUSTRALI H-EUR ACC|AUHEUA|EUR|13.63|-0.89%|04.04.2019
Invesco Utilities S&P US Sect|XLUS|USD|347.05|-0.93%|01.04.2019
SPDR S&P US Energy ETF|SXLE|USD|19.686|-0.96%|04.04.2019
UBSETF MSCI AUSTRALIA AUD DIS|AUSAUY|AUD|28.82|-0.96%|04.04.2019
GAM Physical Palladium (USD) A|JBPAUA|USD|1292.8|-1.00%|25.03.2019
iSh S&P500 InfoTech USD Acc|IUIT|USD|9.335|-1.00%|04.04.2019
Invesco Energy S&P US Sector|XLES|USD|350.4|-1.00%|03.04.2019
GAM Physical Silver (USD) A|JBSIUA|USD|13.86|-1.01%|04.04.2019
Lyxor STOXX EU 600 Basic Res|LYBRE|EUR|61.84|-1.06%|03.04.2019
iSh MSCI Russia A/G USD Acc|CSRU|USD|113.8|-1.08%|04.04.2019
UBSETF MSCI AUSTRALI H-CHF ACC|AUHCHA|CHF|17.822|-1.20%|04.04.2019
LYX ETF DAILY SHORTDAX X2 ACC|LYDSD|EUR|3.9555|-1.26%|03.04.2019
UBSETF MSCI USA SFMi H-GBP DIS|USMUFH|GBP|15.44|-1.34%|04.04.2019
UBSETF GLOBAL OIL EQ USD DIS|GOEUSY|CHF|10.318|-1.36%|29.03.2019
VanEck Gold Miners ETF|GDX|CHF|22.985|-1.42%|04.04.2019
iSh MSCI Brazil USD Dis|IBZL|USD|32.025|-1.43%|04.04.2019
X(IE) USA Ener|XUEN|USD|34.99|-1.45%|04.04.2019
LYXOR ETF WORLD ENERGY|LYNRGW|USD|316.55|-1.52%|04.04.2019
GAM Physical Palladium (EUR) A|JBPAEX|EUR|778.6|-1.58%|13.03.2019
GAM Physical Palladium (CHF) A|JBPACX|CHF|1123.6|-1.61%|12.03.2019
GAM Physical Palladium (GBP) A|JBPAGX|GBP|748.5|-1.62%|12.12.2018
GAM Physical Palladium (USD) A|JBPAUX|USD|1301.8|-1.62%|29.03.2019
GAM Physical Palladium (GBP) A|JBPAGA|GBP|741.4|-1.64%|29.01.2019
UBSETF SILVER USD DIS|SVUSA|USD|143.4|-1.69%|04.04.2019
GAM Physical Palladium (CHF) A|JBPACA|CHF|1113.2|-1.73%|29.03.2019
iSh Oil Gas Explore USD Acc|IOGP|CHF|16.348|-2.04%|03.04.2019
L&G ISE Cyber Security|ISPY|CHF|15.31|-2.57%|04.04.2019
UBSETF PALLADIUM USD DIS|PLUSA|USD|132.24|-2.66%|04.04.2019
UBSETF GLOBAL OIL EQ USD DIS|GOEUSY|USD|10.146|-3.02%|04.04.2019
GAM Physical Palladium (EUR) A|JBPAEA|EUR|772|-3.46%|03.04.2019
